CustomerID,TotalRevenue,TotalOrders,ProductsPurchased
14646,280206.02,73,196915
18102,259657.3,60,64124
17450,194390.79,46,69973
16446,168472.5,2,80997
14911,143711.17,201,80240
12415,124914.53,21,77374
14156,117210.08,55,57768
17511,91062.38,31,64549
16029,80850.84,63,40108
12346,77183.6,1,74215
16684,66653.56,28,50255
14096,65164.79,17,16352
13694,65039.62,50,63312
15311,60632.75,91,38147
13089,58762.08,97,31025
17949,58510.48,45,30546
15769,56252.72,26,29672
15061,54534.14,48,28920
14298,51527.3,44,58343
14088,50491.81,13,12665
15749,44534.3,3,18028
12931,42055.96,15,28004
17841,40519.84,124,22834
15098,39916.5,3,121
13798,37153.85,57,23948
16013,37130.6,47,15536
16422,34684.4,51,33704
15838,33643.08,19,18368
12748,33053.19,209,25287
17404,31906.82,15,32748
17389,31833.68,34,7612
13098,28882.44,28,15968
14680,28754.11,16,13476
13081,28337.38,11,19068
13408,28117.04,62,16232
17857,26879.04,23,19256
16333,26626.8,22,32184
13777,25977.16,33,12897
12753,21429.39,6,11421
12744,21279.29,7,5241
16210,21086.3,18,7559
17675,20374.28,31,8360
17381,20275.61,29,25649
12471,19788.65,30,8200
15039,19766.59,47,9131
12731,18895.91,12,8437
15159,18641.010000000002,30,11441
12901,17654.54,28,23075
12678,17628.46,12,10923
14031,17286.86,19,5788
17428,17256.85,28,9474
13767,17220.36,37,7322
13881,17159.52,20,10118
16839,16594.35,34,8975
12921,16587.09,37,9526
17677,16345.38,30,9772
15189,16225.39,41,6149
14607,16209.5,14,11526
15856,16143.64,27,10866
14051,15610.390000000001,23,3756
15513,14758.220000000001,19,5709
16133,14589.04,33,8887
14866,14389.9,12,6752
16705,14034.99,20,5476
12681,13787.54,22,7536
12621,13689.67,20,7440
12540,13400.24,17,6685
12433,13375.87,7,11071
15498,13316.4,27,6105
12477,13219.74,6,3653
17735,13110.02,19,8439
16525,13027.45,26,7397
14258,12669.98,9,7100
13078,12627.94,26,5630
12536,12601.830000000002,3,2803
15640,12416.11,15,6572
16000,12393.7,3,5110
17340,12353.29,11,5967
12682,12279.82,31,5555
13113,12245.960000000001,24,3045
14606,12076.15,93,6187
12557,11990.960000000001,5,4384
12939,11581.8,8,4876
15125,11528.48,15,6193
14194,11349.52,21,5840
12971,11189.91,86,9289
14895,11138.710000000001,20,4851
12409,11072.67,3,5551
17581,11025.24,25,5915
15482,10879.76,12,5004
13319,10845.550000000001,26,4724
17107,10797.48,6,4826
13340,10736.48,7,5770
17139,10650.77,12,5176
16779,10611.720000000001,22,5301
17865,10526.32,20,5757
17706,10504.49,17,3899
15251,10484.99,11,6171
14062,10464.85,12,5593
14769,10416.98,8,7239
15615,10399.74,23,5508
15502,10384.93,12,4236
16180,10254.18,8,5867
16843,10196.57,16,10159
12590,9864.26,2,4283
13199,9817.12,38,6176
13001,9785.970000000001,13,5490
15078,9743.11,32,5105
12709,9706.52,15,3912
13458,9646.57,14,5508
14733,9585.91,12,3764
16523,9418.470000000001,21,4265
12567,9401.28,10,4305
14367,9227.82,16,4426
14667,9175.04,25,5319
18092,9068.26,11,4252
12451,9035.52,5,6575
13969,9024.17,18,4528
13488,8968.31,13,4518
13090,8910.82,14,2263
16033,8778.82,20,3529
17017,8694.26,20,6673
17306,8631.31,19,11491
16656,8625.8,15,8894
17243,8540.05,26,3320
14527,8507.13,55,2088
12683,8476.57,15,4987
18139,8438.34,6,5557
15358,8347.2,22,7050
16558,8338.49,20,5377
14056,8152.71,23,4252
14936,8137.02,8,4085
16672,8134.9400000000005,20,2832
13854,8109.5199999999995,25,2296
14952,8099.49,11,3355
18109,8004.92,26,4230
14796,7975.49,17,5995
12428,7956.46,9,3536
15290,7943.22,18,4501
14849,7930.54,25,5694
12757,7834.650000000001,13,2395
13093,7832.47,8,3961
12435,7829.89,2,2055
13629,7792.36,11,4372
17811,7761.82,39,4146
15044,7634.7300000000005,17,2785
15194,7616.53,15,5703
18172,7561.68,20,3184
13263,7436.93,35,4768
12980,7374.900000000001,9,886
15465,7354.62,18,1257
17396,7330.8,8,2005
12474,7324.09,18,4833
12583,7281.38,15,5060
13018,7277.7,28,5435
18229,7276.900000000001,20,2488
16729,7205.33,21,5722
16745,7180.7,17,6719
16873,7123.62,6,3840
13324,7121.95,10,5205
16923,7069.08,19,3344
13985,7060.13,15,3445
14961,7044.68,9,3708
12766,6989.63,7,3646
12798,6977.04,3,5256
12989,6924.110000000001,15,2943
13027,6912.0,6,17280
16187,6911.4400000000005,15,5048
16713,6910.78,15,4271
17416,6893.42,7,4302
12705,6868.29,9,3997
12476,6816.42,11,2408
12830,6814.64,6,9848
15601,6776.56,14,4983
16652,6773.97,7,3283
18055,6761.34,10,2452
16532,6748.8,3,2016
15023,6720.41,11,2827
13576,6717.34,18,2646
15249,6688.46,13,3577
16746,6680.11,18,4660
16353,6675.71,23,2006
12626,6620.48,9,3453
16182,6617.65,4,3791
15144,6580.44,17,3050
12472,6572.11,7,4148
17338,6493.54,8,3059
18223,6484.54,14,2948
15694,6479.4,14,1677
13225,6463.84,7,3416
13102,6424.09,24,4204
12431,6419.95,15,2896
16814,6416.7,21,2697
13871,6403.25,13,2806
12359,6310.03,4,1609
13668,6309.83,21,3722
13709,6307.650000000001,13,3508
15005,6295.37,28,4230
16126,6287.77,4,2125
17315,6281.23,38,3863
14057,6211.66,17,4873
12357,6207.67,1,2708
14060,6140.42,19,5386
13418,6127.43,18,3918
15939,6115.01,15,4728
17509,6083.64,8,3512
14735,6065.69,32,2264
13097,6003.22,10,2360
12637,6002.9,8,2994
14101,5976.79,6,6942
15382,5955.71,6,4012
14944,5900.25,12,2815
13209,5891.61,8,4253
13534,5870.08,25,2961
14505,5859.43,8,2739
14415,5855.57,13,2996
13050,5836.86,17,3748
12720,5781.73,25,4672
15218,5756.89,11,3329
17686,5739.46,7,2478
13316,5732.93,4,5508
13178,5725.47,11,3570
16553,5719.82,12,4600
13468,5704.97,37,2589
14110,5683.15,12,2445
17716,5655.99,11,3072
13004,5655.91,18,4822
17049,5655.03,9,2673
18118,5625.08,26,2865
17757,5593.39,30,3318
12839,5591.42,14,3807
12481,5579.82,10,3294
14688,5579.1,21,3584
14049,5578.72,4,3808
16767,5575.56,11,4423
12539,5568.35,4,2067
16161,5533.67,19,2583
18225,5504.96,12,3242
16609,5493.46,7,2420
15805,5488.18,17,3367
16985,5464.12,10,1832
16265,5447.0,9,2646
18198,5425.56,17,4074
12490,5417.93,10,3064
17809,5411.91,12,2057
16701,5398.3,13,6393
17719,5396.04,15,2466
17850,5391.21,34,1733
16303,5360.63,3,2659
13269,5343.28,15,3513
17730,5298.4800000000005,13,3576
15150,5291.33,10,3642
17061,5232.2300000000005,11,1526
18226,5228.05,11,3466
12362,5226.23,10,2229
16258,5203.51,5,2994
13756,5189.52,14,3188
16191,5180.52,13,3351
15727,5159.06,7,3063
13599,5149.92,21,3293
17858,5140.66,12,2694
15903,5126.76,7,2410
13941,5112.96,5,2364
15046,5090.42,15,3372
16700,5076.55,13,4024
13139,5064.94,7,2425
12432,5059.32,5,1801
17602,5054.42,6,4116
15301,5049.95,12,2751
17426,5037.26,6,3094
15719,5030.07,13,2718
14755,5010.28,11,2219
14562,5006.77,18,1815
12444,5005.46,5,1153
14329,4975.24,7,3087
15032,4959.1,3,2968
12437,4951.41,18,2922
12700,4939.99,4,2967
14709,4921.04,13,2484
15786,4919.0,3,3340
15547,4910.6,14,3999
17133,4892.240000000001,7,2730
12664,4881.88,9,1203
12688,4873.8099999999995,1,3028
14292,4871.93,9,1663
17652,4867.72,12,2509
15738,4812.42,16,2982
13013,4810.9400000000005,13,2224
15298,4799.9,12,3116
15555,4794.86,16,4427
15187,4777.18,16,1887
17365,4767.36,8,4749
12955,4757.16,11,3664
14180,4748.52,25,719
15152,4745.69,13,2704
16722,4730.81,13,5001
17690,4726.8,15,1769
12714,4708.86,5,3069
14135,4690.31,15,3850
14191,4684.76,13,3662
15291,4668.3,15,2103
14189,4654.08,15,3937
14390,4642.57,9,2133
14159,4630.35,11,4348
14286,4628.75,3,4338
13802,4599.42,3,2572
15093,4597.02,6,3760
14004,4582.64,7,2668
16931,4554.87,21,3134
17068,4552.14,21,2164
17613,4544.55,14,2490
12484,4527.32,6,2187
13267,4521.49,19,1969
15299,4507.01,7,2948
12524,4485.72,8,3699
17975,4483.26,13,1565
14426,4481.67,10,2699
12627,4478.53,7,2752
17364,4462.68,11,2692
16984,4459.52,2,2380
13069,4431.44,24,5873
14085,4421.29,18,3177
15955,4416.26,14,2135
16626,4413.1,17,2690
15874,4405.88,7,2534
14534,4397.3,18,2027
12712,4396.13,13,1062
13505,4393.63,4,2486
12752,4366.78,1,2262
16945,4345.5,19,2725
14016,4341.21,4,2125
14800,4331.79,12,3644
17567,4331.48,8,2632
18251,4314.72,1,7824
12347,4310.0,7,2458
17937,4301.22,7,1754
15034,4274.16,8,2413
14422,4263.64,6,2906
12500,4257.82,11,2678
17419,4226.57,12,1876
14525,4215.9,9,2637
15804,4206.39,13,2565
15971,4199.85,12,1717
12747,4196.01,11,1275
14146,4191.0,5,2437
14277,4188.0,3,1976
12949,4167.22,8,2381
13384,4151.93,7,2422
15570,4148.82,12,2063
13988,4147.96,6,3044
12569,4124.69,32,1801
17920,4119.5,17,2473
16592,4113.68,16,2927
13555,4098.88,4,2636
16401,4098.32,12,3882
18041,4097.37,21,3758
16670,4095.9,11,2556
12749,4090.88,5,1471
14092,4076.91,14,2066
12449,4067.29,4,1553
17377,4058.32,20,2038
18087,4055.7199999999993,2,3907
14401,4051.48,13,4507
12656,4051.17,5,1723
16549,4034.9,10,2294
13815,4027.36,4,2560
15514,4023.7200000000003,11,2098
17940,4020.04,10,9323
12957,4017.54,8,2549
12867,4009.34,7,4284
12378,4008.62,1,2529
16186,4006.94,12,3020
12841,3991.58,25,2720
17001,3989.57,11,2164
15416,3984.32,4,2090
12779,3981.36,8,2024
12727,3980.7,7,2098
14547,3974.75,8,2639
14299,3965.62,9,2149
13523,3964.88,5,1752
15529,3962.6,11,3455
17611,3961.12,15,2550
13183,3957.78,9,2208
17769,3957.43,10,1850
17651,3945.0,10,3112
12473,3928.0499999999997,5,2414
17593,3923.86,5,3089
14739,3902.28,7,3820
13999,3901.81,12,2243
14291,3883.25,11,2749
15195,3861.0,1,1404
18073,3859.82,12,3102
12662,3849.78,11,2058
16717,3843.08,6,1860
13266,3834.2599999999998,12,4428
17091,3827.76,9,1746
16327,3820.27,6,2560
12755,3811.95,2,1491
12597,3811.22,4,2236
15867,3810.14,15,2052
13435,3809.8900000000003,7,2129
12668,3807.15,4,1634
16145,3799.4900000000002,11,3123
16655,3789.52,6,2363
16168,3787.6,27,1892
16019,3786.2400000000002,9,1733
12562,3781.7400000000002,7,1779
17173,3766.6,8,1122
13124,3756.33,3,2119
12429,3750.4,4,1557
14145,3742.2,4,756
13552,3740.07,12,1417
16570,3738.4,10,2112
12502,3723.87,5,820
12647,3722.82,12,1431
13680,3719.12,4,1934
17238,3719.1,17,1807
16240,3718.8,2,1641
14364,3717.35,8,1967
15845,3711.77,8,1926
15622,3709.56,9,1674
17819,3704.87,7,1031
15379,3703.29,7,2305
14282,3701.44,15,2656
12553,3692.28,10,1965
16253,3683.86,2,3233
13148,3683.26,12,1965
15581,3675.77,13,283
15296,3672.86,6,1766
16904,3653.75,16,1984
15808,3651.27,4,1305
12417,3649.1,9,1552
13426,3641.32,10,2245
12619,3641.24,9,3378
16440,3640.67,5,2018
13381,3639.31,6,2029
17230,3638.41,8,1651
17528,3628.5,8,2138
13327,3627.77,8,1600
13520,3624.35,6,1649
13082,3613.63,9,4324
18079,3613.15,4,7347
16712,3611.31,11,1730
15505,3610.96,5,2390
13137,3603.29,8,2204
14543,3599.73,16,675
15484,3590.41,4,3150
14132,3586.0299999999997,11,3368
16242,3579.86,7,1969
17576,3564.83,19,1967
14040,3560.32,12,1544
17203,3560.08,6,2846
17491,3558.87,10,2013
15544,3546.71,9,3109
14503,3543.26,6,2004
12370,3541.94,4,2352
13448,3534.69,6,1648
12454,3528.34,1,1006
17160,3518.03,6,2856
13953,3515.68,7,2724
15113,3509.43,3,2344
16131,3506.54,6,1802
13334,3502.32,3,1764
14907,3501.1,7,1691
16458,3482.7400000000002,18,2154
14395,3479.91,9,1689
13993,3466.36,9,900
13014,3466.2799999999997,10,905
15410,3450.84,8,1200
16360,3450.41,6,2110
15129,3447.4,11,1794
13536,3444.39,7,2126
15974,3442.15,7,2262
17725,3439.08,11,2162
15676,3435.76,3,2252
14221,3432.8,9,2191
12406,3415.3,2,1818
15981,3408.48,8,1866
17758,3408.2000000000003,8,2054
13437,3408.06,7,1283
17669,3406.7200000000003,7,1916
13198,3401.2400000000002,6,2648
15228,3386.71,4,2255
13842,3385.62,9,1768
16011,3352.96,16,2035
14227,3350.96,10,1820
16818,3349.57,11,2164
16607,3347.71,14,2859
17183,3347.31,6,1296
12643,3344.64,6,1808
12613,3344.38,5,1644
13015,3339.64,5,1609
12594,3338.2200000000003,10,1777
16556,3313.79,7,1890
13373,3312.25,3,1651
14841,3295.76,6,1778
15632,3285.31,8,2109
12480,3281.63,4,1707
15764,3279.97,6,2050
17723,3276.4000000000005,6,792
14702,3251.79,17,1439
13952,3251.071,2,1431
13047,3237.54,10,1391
15708,3235.25,7,1217
14175,3222.3,3,1515
13880,3219.77,13,1842
15443,3213.59,7,1639
14388,3212.84,8,1941
16107,3204.1600000000003,7,1176
13868,3192.54,2,1964
13758,3190.55,7,1844
14844,3189.81,4,1833
17220,3187.55,14,1897
17050,3185.64,6,1595
12456,3181.04,3,1633
17672,3178.17,2,1690
13268,3174.75,11,3624
16837,3170.98,11,1563
16041,3166.4,3,1584
17863,3160.0,6,2638
15065,3158.13,4,1383
17685,3155.83,7,1907
15861,3146.92,8,2528
14235,3144.86,5,1959
17231,3124.72,10,1724
13685,3119.44,7,5056
16678,3109.99,12,2397
13742,3107.87,12,1115
14099,3104.17,11,2179
15491,3100.09,6,1646
14257,3099.7200000000003,5,1682
14565,3099.12,4,1540
13135,3096.0,1,4300
16156,3092.04,9,1273
13362,3090.7400000000002,4,1382
16218,3084.68,7,2088
13869,3083.65,4,1709
17059,3080.39,5,1850
15998,3080.22,5,2032
18272,3078.58,6,2050
12910,3075.04,8,1692
13631,3070.42,11,467
16940,3049.88,3,2169
16393,3040.96,13,1573
16326,3039.2200000000003,14,682
17799,3039.17,10,1753
16905,3037.6,7,1381
16709,3029.87,5,851
12598,3023.08,8,1964
12395,3018.63,12,2118
18094,3017.3,7,2518
14456,3017.28,9,2885
12754,3010.74,3,6481
15521,3000.2,8,1836
17659,2999.46,12,1525
17504,2997.0299999999997,9,1664
12670,2996.05,5,1397
14307,2995.72,6,2058
15687,2993.1,9,1310
14639,2984.49,6,1431
14032,2975.59,11,2032
15854,2969.12,12,926
16497,2965.69,6,1396
17924,2962.5,7,1160
16686,2959.88,7,1977
14868,2953.59,8,1405
12916,2944.95,4,1083
17444,2940.04,3,2119
16316,2938.91,8,1484
17512,2924.9900000000002,10,2753
15606,2920.16,9,892
12906,2919.81,5,1749
14112,2915.15,7,1651
12438,2906.85,2,1180
13451,2898.2599999999998,5,2128
17644,2895.64,11,1793
18144,2888.75,12,1343
12408,2888.55,5,1409
13735,2883.54,4,1128
16633,2883.1,6,1138
14251,2879.7000000000003,5,1674
17728,2876.01,3,1469
14005,2874.72,5,2478
15628,2870.2400000000002,9,1894
13901,2867.2,5,1739
12685,2863.08,6,1523
14530,2862.11,6,1395
18145,2861.55,4,2625
14535,2854.84,3,1824
14711,2839.62,11,966
14852,2836.69,6,1747
14842,2824.69,4,1166
16928,2814.7,17,2092
16871,2812.34,6,1253
12356,2811.43,3,1591
18230,2810.2000000000003,7,1316
17596,2806.69,7,4376
14572,2804.54,7,1420
16081,2799.42,5,1473
13769,2796.51,10,1163
14903,2795.33,5,1531
12578,2794.51,2,1196
12758,2791.59,2,2135
17739,2791.35,7,861
14626,2791.27,4,1403
16764,2790.9500000000003,13,1253
17213,2781.23,7,1176
12388,2780.66,6,1462
15984,2780.63,10,1815
14121,2780.15,4,2082
15993,2777.67,7,2037
13870,2770.94,8,1325
15114,2760.56,10,3096
13971,2758.26,8,1844
13230,2755.63,14,1638
15321,2748.31,3,1181
17084,2747.9900000000002,2,1702
12669,2744.0299999999997,3,1115
13174,2742.82,3,1352
14854,2740.03,7,1820
16003,2735.37,5,1185
12840,2726.77,4,1511
15673,2726.23,4,1451
12380,2724.81,4,1127
17838,2720.8,5,1831
14125,2720.63,3,1628
14808,2718.6,8,2120
15356,2718.03,10,1643
12708,2712.91,10,1307
16938,2711.6800000000003,4,2533
15696,2711.11,8,1015
17069,2709.7000000000003,9,1506
13285,2709.12,4,2051
15796,2708.61,8,860
13654,2707.33,6,2182
14107,2703.23,7,1793
14732,2702.4900000000002,8,1405
17386,2686.42,6,1902
12625,2683.82,2,1612
13883,2674.48,5,1436
18097,2662.4,6,1662
14713,2662.2,11,1613
12360,2662.06,3,1165
14439,2661.24,1,526
15671,2657.13,7,1699
12721,2656.13,6,1959
13851,2651.46,3,1705
16618,2647.59,5,1363
13658,2639.17,5,1019
17655,2638.94,7,1116
13771,2634.45,4,1477
12520,2634.26,5,1439
17402,2633.85,13,701
18260,2628.35,6,1475
15752,2626.6,7,1960
13422,2626.3,1,1326
13644,2624.26,4,2067
17346,2622.88,15,1617
18210,2621.38,6,1398
16255,2619.91,8,1767
14262,2618.23,8,1645
13021,2616.38,9,1352
15782,2614.7400000000002,3,864
14397,2612.96,19,1890
18075,2611.75,10,1464
12836,2610.36,4,1062
12726,2609.1,7,3143
13136,2607.61,5,1328
13983,2603.43,12,1183
17317,2600.34,3,1146
17965,2599.19,14,1532
12600,2599.04,10,774
14408,2599.03,7,1610
13895,2593.07,4,1365
16919,2592.25,11,1403
16241,2590.31,13,1443
14243,2588.77,10,1221
13804,2588.39,7,1462
18077,2584.41,11,1839
13911,2580.91,9,2731
14546,2573.93,5,1313
18245,2567.06,7,1788
15485,2564.5,3,1281
16308,2560.0,4,8000
15033,2557.18,10,1672
16912,2555.58,11,1025
14334,2552.21,8,1731
14676,2548.2400000000002,6,2500
14776,2538.3,11,3134
17700,2534.64,4,1266
15572,2533.42,7,1213
14659,2529.93,9,1195
17314,2527.92,8,1896
14701,2526.09,9,921
13394,2520.02,8,2392
17449,2519.21,7,1121
15245,2515.84,3,1784
13344,2511.69,3,952
12352,2506.04,8,536
13695,2504.13,15,1603
13471,2501.84,4,1583
15932,2495.87,8,2325
16477,2494.46,7,1415
15271,2493.34,15,1251
12483,2484.98,8,1110
12913,2483.63,5,1419
12517,2481.6,5,1361
14315,2481.13,6,1021
13507,2479.16,4,1597
13588,2478.95,9,2606
17682,2474.33,6,1367
17188,2474.23,7,1328
14766,2473.37,6,1349
16710,2467.99,10,1823
17164,2467.35,7,1501
12455,2466.86,6,2089
17131,2463.17,5,983
15750,2463.05,8,1783
13784,2462.79,11,2493
13975,2461.2400000000002,6,1697
15674,2446.6,5,1275
14163,2445.91,4,893
14502,2429.83,11,1480
17071,2429.03,9,1197
15527,2428.53,8,991
13949,2427.32,6,2474
16143,2424.94,6,919
17722,2424.04,4,1595
15089,2420.84,6,1359
15373,2415.91,12,500
12397,2409.9,2,1263
17589,2404.17,4,1631
15980,2398.86,3,1560
18065,2392.83,14,1027
13141,2388.75,5,1548
15370,2386.05,7,830
14493,2383.2400000000002,5,1285
14239,2380.85,11,993
15270,2379.49,7,1521
13722,2375.41,3,1401
17434,2373.82,7,1693
13908,2369.55,4,1478
17530,2367.12,10,1514
15755,2364.25,6,1427
12457,2363.23,7,843
14930,2362.96,3,1160
14030,2358.84,8,1478
17634,2358.59,9,838
14440,2357.6800000000003,5,588
15140,2354.25,7,1572
14309,2352.53,9,1633
12704,2340.84,8,1006
18259,2338.6000000000004,3,714
12584,2338.15,9,416
18257,2337.63,8,1041
15281,2332.15,9,1211
12782,2330.92,5,1086
15785,2328.9700000000003,5,1612
17313,2328.84,1,1402
17744,2322.4,6,3412
17211,2317.2200000000003,8,1323
14290,2314.65,5,915
15365,2314.32,7,1084
17954,2314.13,12,2221
13704,2308.06,9,1531
15288,2306.52,5,775
16550,2298.97,5,1540
15105,2298.93,7,1211
13115,2294.78,4,1567
15704,2293.62,4,1028
12615,2291.19,4,1376
17696,2285.71,8,1756
12684,2283.63,7,1985
14554,2279.4900000000002,4,1443
13994,2274.14,6,932
13317,2273.68,6,1035
14466,2272.4,7,1006
16782,2267.9500000000003,13,705
16057,2263.12,7,863
16209,2262.62,5,1179
16293,2248.9900000000002,10,982
13700,2248.63,10,2281
17442,2248.56,6,1496
14432,2248.5,6,2013
15235,2247.51,12,1324
16735,2247.41,5,1532
16771,2242.61,5,1487
13527,2242.36,7,1683
14211,2241.1,9,1242
14560,2237.77,22,1260
16076,2234.73,10,1435
18242,2232.4900000000002,4,1017
12783,2225.91,6,624
13365,2225.37,2,1247
15834,2225.15,4,961
15665,2222.21,2,1654
14825,2221.01,12,989
15811,2218.62,6,1071
12876,2218.02,2,1941
14226,2214.79,5,1296
16743,2213.13,7,2035
15722,2211.21,5,1023
12653,2209.85,2,919
13862,2209.36,8,1688
15797,2207.4,4,873
15179,2206.95,5,1938
17591,2203.67,7,1000
15123,2199.31,2,1195
13831,2198.45,6,743
14700,2195.1,3,1314
16628,2188.05,5,1205
17406,2184.42,3,780
15394,2183.54,4,910
12909,2178.67,5,1280
12856,2170.78,6,1076
12501,2169.39,1,1783
14341,2166.98,8,1397
12633,2163.98,4,1162
12935,2160.7,7,1853
16456,2158.18,5,1147
14407,2157.73,6,1415
16379,2157.4,4,1410
13224,2155.95,2,1518
16966,2154.97,7,1981
17272,2148.63,4,1778
14828,2139.76,3,2172
12560,2134.01,3,1110
13517,2128.42,3,1369
18061,2119.41,10,955
13632,2118.93,5,1031
14360,2118.03,4,1139
18008,2116.19,9,1581
14691,2114.33,5,707
13755,2108.06,9,1242
14640,2107.38,6,880
18173,2106.84,4,1220
18093,2106.52,4,1392
14461,2103.06,3,766
15058,2102.54,11,1054
15815,2100.6,5,1856
13126,2099.64,8,2143
12610,2099.54,5,1049
17861,2097.88,8,1985
17400,2097.84,5,1088
16875,2095.53,5,1069
17191,2093.68,7,1166
14306,2093.32,2,1075
13265,2092.66,5,1740
17490,2092.32,7,1134
13297,2089.85,4,963
13571,2088.94,12,1757
18044,2088.6,10,1033
14810,2085.33,11,1015
16954,2085.08,9,1054
17768,2081.9,3,1122
16407,2079.68,10,1093
14696,2078.95,7,1630
14515,2076.89,6,1110
14209,2073.43,6,691
18241,2073.09,17,1051
18231,2071.77,5,819
18219,2069.77,10,885
12948,2064.95,7,1080
12928,2062.7000000000003,5,1472
16281,2062.06,1,934
14409,2059.4500000000003,6,1230
12518,2056.89,5,1318
17667,2055.51,5,1033
14188,2054.36,6,1162
16150,2053.02,5,1047
17086,2050.08,6,1859
17612,2048.45,6,1808
14232,2048.07,5,1941
18283,2045.53,16,1357
13495,2044.8700000000001,5,829
17597,2044.3700000000001,1,1176
13450,2043.7199999999998,6,1982
14001,2043.0800000000002,3,962
12585,2040.1,2,1279
17846,2033.1,1,1
13630,2031.78,7,1391
16358,2027.5,4,1302
16409,2022.98,5,1304
14482,2022.81,6,1627
15341,2020.52,1,812
17625,2020.4,4,1180
13593,2011.88,5,719
18069,2009.24,5,1296
15372,2007.3999999999999,1,2924
16098,2005.63,7,613
14217,2004.98,17,689
14544,2004.3,2,1536
17082,2003.85,2,1049
16754,2002.4,1,4280
18188,2001.04,3,1168
13305,2000.86,10,1232
16698,1998.0,2,840
17679,1992.1100000000001,2,729
17088,1991.01,4,868
17827,1987.33,5,1240
13590,1981.92,6,1848
17337,1981.06,4,1247
14462,1980.57,11,956
13725,1980.56,8,806
17422,1979.37,6,2253
18204,1975.35,3,1190
17090,1974.65,7,903
15531,1972.39,2,1085
16341,1971.87,4,1398
12674,1970.6,4,1133
17790,1964.3,14,835
17997,1962.46,8,2273
13246,1961.52,6,1587
14506,1960.65,5,704
14498,1957.32,5,1098
12853,1957.1000000000001,6,800
15493,1953.41,5,551
17554,1952.45,5,1763
17218,1951.97,10,955
14533,1949.72,7,4019
15814,1945.33,4,1271
14418,1937.25,3,1711
15864,1936.3200000000002,6,1192
15157,1936.07,3,2392
15351,1934.66,7,742
12528,1933.48,6,756
14655,1932.23,4,1089
13094,1927.3200000000002,12,1716
14653,1926.65,7,945
15518,1921.55,8,1263
14978,1921.3700000000001,5,523
14285,1910.01,4,541
17228,1906.09,8,1532
16983,1905.87,7,1335
14210,1905.8400000000001,6,760
15819,1905.45,4,1357
16942,1904.99,9,805
14250,1904.05,3,1200
12762,1898.52,2,1227
14730,1897.57,8,1078
14934,1890.94,2,1042
12371,1887.96,2,591
15641,1887.2,4,1562
16170,1885.05,6,1770
13890,1883.8100000000002,10,831
16128,1880.22,5,988
17738,1879.05,4,1029
17368,1878.87,8,1377
15367,1877.59,4,1057
17463,1875.86,5,1086
16986,1873.2,2,1040
13982,1871.81,4,1136
15021,1871.77,9,819
17469,1870.97,5,787
16841,1869.82,6,2250
17870,1865.89,12,1351
16426,1863.76,10,1215
16201,1863.47,4,1286
14887,1862.0,1,1100
12423,1859.31,8,1339
14305,1858.96,3,1089
12963,1856.63,8,881
17293,1854.06,9,1135
14472,1852.67,8,1135
16979,1852.0,6,865
12383,1850.56,5,1532
17873,1848.96,5,1035
12381,1845.31,5,808
17519,1844.02,6,1236
14524,1843.83,9,669
18180,1843.75,6,1721
12950,1843.0,3,1380
16102,1842.14,3,942
16455,1841.18,7,988
14113,1840.42,4,745
14216,1839.3,4,594
13924,1838.8500000000001,6,1575
17015,1838.6100000000001,3,1978
14459,1837.92,1,760
18287,1837.28,3,1586
13650,1836.34,6,922
15827,1836.0900000000001,14,882
14665,1835.7,5,740
13421,1833.71,2,1128
16152,1829.04,1,642
15203,1827.8,6,1753
17702,1824.37,4,1353
16153,1824.23,5,1073
17705,1823.52,9,963
16169,1822.97,4,1325
17828,1820.09,4,667
13048,1819.41,4,1228
17787,1817.54,4,896
17629,1814.12,8,1629
15260,1810.77,7,885
16474,1810.65,7,909
13481,1804.56,5,1142
17663,1802.91,7,797
15812,1801.14,5,922
16249,1800.07,5,950
13562,1799.33,3,757
13196,1797.78,4,1224
17648,1797.5,4,487
12348,1797.24,4,2341
18235,1796.48,3,1578
13134,1793.58,4,1059
18179,1793.17,6,1360
18122,1793.06,6,1225
13510,1791.56,4,1386
12523,1789.77,11,865
14215,1789.72,6,1358
14621,1788.3600000000001,5,993
13875,1786.79,5,1316
14608,1785.15,4,437
14935,1784.71,1,935
15220,1778.96,6,1393
12645,1775.18,4,1084
17092,1774.03,4,1130
15594,1771.78,5,983
15473,1771.2,7,672
16681,1770.34,6,1407
16719,1770.22,7,1175
13456,1766.72,6,765
16751,1764.72,1,1031
12424,1760.96,2,740
12823,1759.5,5,230
12349,1757.55,1,631
15241,1756.44,8,1818
16359,1750.92,9,1183
13808,1747.66,5,782
15067,1744.76,3,954
15950,1744.71,4,719
16380,1743.1499999999999,1,1428
13157,1741.22,4,1439
14595,1740.6,6,978
17930,1740.48,5,1594
17353,1740.0,2,1200
17457,1737.7,5,826
15050,1737.69,3,1216
14673,1736.4,5,1004
17043,1735.18,4,998
14387,1727.6,3,795
13564,1724.67,3,636
17451,1721.4,7,1203
14834,1720.3,6,734
15267,1717.36,5,944
17162,1715.46,10,1001
13763,1714.96,1,728
17147,1714.59,4,882
14441,1712.89,4,446
17750,1710.45,9,3747
12405,1710.39,1,857
15947,1708.24,1,898
12407,1708.1200000000001,5,1416
16902,1706.88,1,629
15240,1706.57,5,1369
16398,1705.8,2,758
16791,1705.78,7,757
12843,1702.26,8,781
17193,1699.3000000000002,7,1254
13824,1698.94,5,768
17813,1698.07,5,752
12764,1693.88,1,386
16007,1693.81,4,1388
14245,1693.45,2,976
16671,1692.27,3,875
16775,1691.51,11,439
15380,1690.2600000000002,5,376
17152,1689.5,3,517
12635,1689.18,2,1172
13162,1688.29,4,1713
13577,1687.6000000000001,4,791
17282,1685.46,3,1866
15549,1681.46,3,694
16638,1680.72,10,1255
13149,1676.06,4,1280
17656,1674.69,5,1399
13184,1668.95,10,1662
17754,1664.65,5,1816
12912,1662.3,5,670
12530,1662.28,4,913
15214,1661.44,8,1254
15332,1661.06,4,652
12967,1660.9,2,438
16115,1660.8799999999999,8,994
14045,1659.75,4,535
15953,1657.28,8,891
15826,1654.31,3,963
16813,1652.18,10,1501
16711,1651.03,5,833
14837,1649.5,4,1436
13647,1648.1200000000001,4,887
17284,1647.48,6,1362
13750,1647.26,5,516
13012,1646.8400000000001,8,820
12657,1643.18,4,1044
15002,1641.76,4,862
14573,1639.82,9,534
13627,1638.47,5,1269
15024,1636.43,10,902
12398,1635.6599999999999,1,1394
15122,1633.78,3,800
14164,1631.77,2,1033
12377,1628.12,2,944
14759,1625.97,3,569
13425,1624.21,3,1123
16515,1624.14,5,826
15172,1624.05,5,1611
14937,1621.88,3,484
17101,1621.73,4,815
18161,1618.69,5,812
16987,1616.8,7,401
14336,1614.91,4,1759
16992,1614.31,5,860
15791,1612.69,2,731
14312,1611.59,6,1012
14918,1610.15,2,675
12868,1607.0600000000002,6,928
16817,1604.75,9,822
12947,1603.99,6,1165
15660,1600.86,9,1050
14178,1600.26,7,1494
16496,1599.52,3,1111
16466,1595.96,7,785
13850,1595.48,1,944
17673,1594.97,6,1462
16801,1594.23,4,493
16676,1592.1200000000001,4,636
14970,1592.06,4,250
15611,1591.45,13,504
18178,1590.81,4,983
14442,1589.82,2,482
13614,1585.46,4,564
16332,1582.8,7,797
12393,1582.6000000000001,4,816
14719,1581.84,5,1025
14587,1580.29,9,749
12607,1579.51,1,1228
13814,1579.12,2,864
16889,1578.67,3,925
13186,1575.89,3,820
17671,1572.71,4,772
16283,1570.81,5,1236
12865,1568.23,2,925
15906,1567.69,7,544
15111,1567.48,3,710
15532,1564.73,4,515
17204,1564.56,4,646
13659,1563.0,2,882
17085,1562.4,5,785
18239,1561.6100000000001,5,795
14038,1560.38,3,965
16394,1555.34,5,2604
13313,1555.32,5,851
15620,1553.18,3,915
15117,1551.78,5,1948
13634,1547.3600000000001,5,700
14229,1547.2,3,610
16790,1545.6200000000001,6,898
16369,1545.41,3,1030
13397,1544.13,5,430
12818,1542.08,1,929
17837,1541.23,8,510
16365,1540.42,9,504
17159,1538.88,3,1111
13849,1537.95,2,1016
12877,1535.77,12,1178
15392,1535.53,4,1277
15625,1534.26,4,1188
13320,1532.2,4,1086
13107,1531.6200000000001,4,1293
12759,1531.44,3,902
14321,1530.75,5,2406
14567,1530.3600000000001,2,412
15701,1529.0,4,912
16244,1522.75,2,855
16066,1521.04,5,935
13213,1520.58,5,1360
13764,1519.42,3,926
14267,1516.24,3,530
13791,1516.0,2,1200
16748,1515.9,5,880
16053,1511.95,2,1793
16434,1511.8,7,760
16910,1508.96,8,884
15265,1506.1200000000001,2,612
12937,1504.27,4,1007
15916,1502.8600000000001,8,752
16279,1502.78,3,1046
13810,1499.01,3,312
15530,1497.31,4,938
14414,1496.98,7,2512
14704,1493.96,9,1043
17002,1493.73,3,679
16880,1491.43,7,746
15057,1489.5,2,668
13110,1488.67,7,388
13692,1488.32,3,1226
17553,1487.6,1,1048
14758,1484.06,4,419
16395,1482.06,5,1472
18016,1477.66,5,1027
14878,1476.09,9,799
14403,1475.81,4,519
16755,1475.43,3,1058
12826,1474.72,7,1058
14246,1474.06,3,804
14963,1472.34,5,1159
15128,1471.0,4,1343
17590,1468.02,3,822
16016,1465.51,8,602
14875,1465.3200000000002,2,558
15983,1465.12,4,886
12882,1463.04,2,246
14233,1462.72,4,680
17063,1461.14,7,770
16996,1456.96,6,544
13309,1456.79,5,1544
13477,1454.58,6,1021
14541,1453.35,8,641
16059,1453.16,6,641
14404,1449.32,6,827
14740,1448.21,3,735
17073,1446.09,4,759
13717,1445.01,6,1959
13461,1445.0,3,1170
17175,1443.69,4,866
14071,1437.57,8,994
15987,1432.77,7,1533
14566,1432.0,1,800
16503,1431.93,4,569
13475,1431.78,4,1012
15427,1430.54,3,967
16103,1429.64,6,558
13159,1429.35,4,1058
14035,1428.02,5,739
15858,1427.57,5,1163
15681,1426.16,5,816
17571,1425.67,4,876
15106,1422.52,5,1181
16463,1422.4,4,1163
16571,1421.69,3,1239
14019,1421.61,3,1037
14901,1421.29,9,661
14443,1420.2,4,938
16173,1418.32,6,575
17856,1418.03,4,842
17288,1417.63,7,1201
14748,1415.75,5,1223
16348,1415.65,7,805
16012,1415.29,3,799
16245,1413.66,3,1014
15237,1412.32,4,1071
15444,1411.21,2,759
15596,1406.59,5,561
17083,1405.78,3,772
16271,1404.64,5,1024
15426,1404.07,5,656
18116,1403.1100000000001,8,837
14649,1402.59,4,1004
15563,1400.44,4,1501
14741,1400.34,6,841
15478,1399.92,2,575
18202,1396.99,3,581
13995,1393.69,5,879
17354,1393.06,1,1006
15810,1391.98,4,861
13414,1390.5,3,1574
13516,1389.41,3,985
16539,1388.81,4,477
15134,1387.99,8,887
12952,1387.79,4,653
12775,1386.04,5,877
13308,1385.51,3,843
18167,1384.8600000000001,3,382
17311,1384.85,2,1005
13572,1384.25,1,534
15898,1383.83,5,567
15051,1383.3600000000001,3,1010
14116,1382.74,5,707
16389,1382.07,4,1242
17621,1379.9,3,514
12886,1378.4,2,770
15569,1375.71,5,666
14434,1372.8,6,368
15453,1371.77,7,837
17676,1371.18,6,922
15095,1370.6,4,1079
14507,1367.88,6,594
13813,1366.8600000000001,4,552
14897,1366.38,4,468
13396,1360.99,2,600
16726,1358.74,5,945
17054,1356.33,5,804
14859,1353.74,4,671
15116,1352.75,4,648
16079,1352.0,3,864
16493,1351.63,4,1164
12770,1351.45,1,743
15411,1348.93,4,529
16669,1348.88,3,881
12646,1346.97,2,897
14154,1345.62,2,465
15398,1345.53,2,769
12463,1344.78,4,776
16317,1341.65,3,890
13743,1341.6,7,1776
18177,1340.8700000000001,6,709
16045,1340.7,4,897
13501,1340.32,1,560
15734,1339.45,2,346
12620,1339.41,3,1181
15059,1337.72,9,604
17372,1337.18,8,747
12919,1335.19,6,673
14064,1334.34,5,1772
15680,1333.68,3,952
17932,1331.57,3,789
12676,1331.39,6,670
16295,1328.55,4,841
13232,1328.35,7,773
15146,1327.16,2,1473
17633,1324.84,4,644
17095,1324.16,3,618
16110,1320.95,3,720
14591,1320.21,4,1228
14794,1319.91,7,673
16083,1317.62,2,908
12526,1316.66,3,632
12854,1316.25,3,626
14921,1316.07,2,953
12576,1315.83,5,967
14511,1314.81,5,784
14738,1314.45,7,601
14973,1314.45,3,369
16040,1313.55,3,684
12364,1313.1,4,1506
17004,1312.1399999999999,2,771
12516,1312.06,2,875
14477,1309.6,4,720
16120,1309.14,4,878
14047,1308.6100000000001,5,381
13328,1308.48,1,680
14297,1305.33,4,865
12507,1304.81,3,894
17919,1304.04,1,756
15813,1303.9099999999999,2,603
16370,1301.91,4,640
15108,1300.25,4,499
13168,1299.59,4,670
12488,1298.66,3,529
16464,1298.66,3,952
12372,1298.04,3,794
15602,1297.8700000000001,9,1137
17961,1296.44,39,560
16929,1295.39,7,929
16224,1295.3,4,1116
15621,1293.03,4,501
16744,1291.91,7,798
16101,1290.7,1,757
14856,1290.53,3,711
15171,1289.5,1,290
15136,1286.7,4,776
16949,1286.27,6,791
17802,1285.04,3,752
17350,1281.32,4,770
13538,1280.85,7,175
15494,1280.58,2,1139
16951,1277.75,3,1318
16692,1276.0,2,152
12394,1272.48,2,819
13878,1271.57,1,463
16899,1271.06,6,520
12630,1270.88,2,548
13492,1269.84,3,408
14898,1269.31,6,1001
13431,1269.1,2,672
14916,1268.98,4,1136
15199,1268.7,4,396
16660,1267.6499999999999,4,571
17037,1267.32,1,656
17158,1266.97,3,778
14105,1266.23,1,800
13989,1266.08,2,1313
16842,1264.19,3,693
15497,1262.2,2,624
16688,1260.86,4,804
17388,1259.56,4,1068
15009,1259.43,3,639
14669,1259.24,3,770
17019,1258.08,4,820
17412,1258.06,7,738
13151,1257.8700000000001,1,363
14931,1257.68,5,417
16639,1257.51,3,510
17481,1255.59,4,1061
13848,1255.0,3,3700
17262,1253.3600000000001,5,367
14383,1247.69,3,817
12689,1247.61,2,628
13029,1247.5,3,134
12494,1246.1000000000001,7,707
13860,1245.9,5,591
16531,1244.59,7,915
17584,1242.3,2,458
17588,1240.2,3,676
17731,1240.11,4,493
12985,1239.38,2,1533
13476,1238.47,2,417
14893,1237.8500000000001,2,799
13931,1237.53,2,725
15201,1236.54,5,1210
18080,1231.5,2,642
18171,1231.31,5,481
15910,1228.88,8,1013
14913,1227.43,4,1743
12997,1226.89,4,664
12412,1226.88,3,829
15841,1224.06,4,942
14428,1224.06,5,428
15376,1221.56,3,615
15004,1220.77,1,623
14745,1220.26,5,1038
15227,1219.4,5,750
13208,1217.65,6,803
14698,1217.27,5,602
13491,1215.82,10,903
17410,1214.72,5,616
13055,1214.41,3,894
17774,1213.73,4,508
18263,1213.1599999999999,3,1468
13918,1212.8400000000001,2,1140
16653,1212.66,2,733
12464,1212.05,8,112
17653,1207.56,4,1409
16762,1207.24,3,480
14684,1201.51,5,821
13158,1201.06,4,784
17320,1200.6200000000001,3,634
15605,1198.23,5,441
13118,1197.81,5,410
16794,1196.5,10,923
17720,1195.94,4,576
17526,1195.8999999999999,4,310
15145,1194.73,4,756
12611,1193.32,1,846
13882,1191.13,5,953
12462,1189.59,2,536
15737,1188.1200000000001,8,597
16612,1187.66,4,506
17800,1187.21,9,732
15630,1186.35,2,800
17058,1179.89,3,592
16950,1178.56,3,644
16042,1177.47,5,743
13752,1175.38,6,874
12885,1175.22,3,655
12640,1174.58,3,311
15306,1174.35,3,810
14857,1173.12,2,464
12358,1168.06,2,248
13500,1166.77,3,609
14487,1165.48,6,712
14737,1164.55,3,345
14261,1163.45,2,406
14447,1163.23,5,571
16800,1162.65,1,524
12546,1161.5,2,633
15088,1160.07,2,460
18168,1160.04,6,592
13499,1159.11,5,1365
16184,1158.79,6,561
17867,1157.8700000000001,6,508
17348,1156.6,5,1398
16637,1154.47,4,927
13611,1154.4,3,754
16062,1153.62,4,800
12710,1149.02,3,851
17505,1145.84,2,556
16766,1145.6,2,536
12769,1143.6,1,356
17770,1143.27,5,365
15985,1142.42,2,1086
16270,1141.24,1,688
13330,1140.93,3,751
13819,1140.35,3,1109
16172,1140.21,5,787
17135,1139.73,7,1224
17500,1138.0,3,17
17302,1135.63,5,575
17242,1135.04,2,611
15489,1134.28,3,608
16989,1133.25,6,1233
13282,1132.14,3,307
13310,1132.03,3,587
18125,1131.75,4,800
15500,1131.56,4,572
13447,1129.14,3,584
16714,1129.06,3,589
14824,1127.71,4,525
12609,1126.85,3,648
14708,1126.37,3,621
17470,1125.07,5,1675
14129,1123.8600000000001,5,592
13772,1122.63,3,540
13486,1122.41,3,669
17562,1122.38,7,817
14723,1122.3600000000001,6,673
16807,1121.59,3,778
16086,1121.39,5,511
15730,1120.88,3,689
14276,1119.74,3,744
12842,1118.99,2,547
17894,1118.96,8,404
17788,1117.9,2,211
13591,1117.13,3,485
17585,1116.68,4,1650
16350,1116.47,4,545
12679,1113.02,4,554
14817,1110.34,2,655
15069,1109.53,1,520
12399,1108.65,4,1178
15933,1107.46,3,885
16833,1106.53,4,440
12857,1106.4,2,343
14102,1105.8799999999999,5,769
17609,1105.78,5,719
13064,1105.59,4,514
14948,1101.97,6,673
15716,1101.1100000000001,4,738
17047,1100.9,3,533
14410,1100.27,9,567
14744,1099.98,7,627
15978,1098.78,1,888
13104,1098.48,6,504
17966,1098.43,5,2571
14971,1097.98,3,639
14161,1097.6200000000001,3,450
16225,1096.32,5,493
13211,1095.42,3,834
13652,1095.08,3,578
15745,1094.59,4,421
15608,1093.68,4,714
18189,1090.24,2,566
13853,1090.14,1,312
12534,1089.18,1,651
15763,1086.92,2,271
16533,1082.81,3,611
13610,1082.33,7,488
14561,1080.76,3,1014
13744,1080.52,2,1153
13726,1079.6599999999999,2,1054
15197,1079.6100000000001,3,469
12354,1079.4,1,530
14352,1078.96,4,538
16094,1078.23,4,647
16563,1077.74,1,486
13715,1077.39,5,562
16049,1074.81,3,763
13131,1073.3,3,447
15712,1072.3600000000001,5,486
15238,1071.99,3,692
13467,1071.91,2,580
13521,1071.73,3,718
17041,1071.49,3,927
13635,1071.03,1,677
17522,1070.71,5,1034
13761,1070.65,2,642
14212,1070.48,1,1152
16200,1068.8700000000001,2,516
16918,1068.82,6,721
15436,1067.75,3,574
15027,1066.1499999999999,4,565
17277,1065.3500000000001,2,430
14488,1064.28,1,799
12951,1064.07,6,503
15801,1063.95,3,570
12936,1063.9,4,559
12815,1063.46,2,379
14411,1063.0,1,196
16214,1062.75,3,420
15706,1060.56,4,321
17727,1060.25,1,645
18130,1059.39,3,824
17214,1059.1200000000001,6,272
13455,1058.34,2,354
15977,1054.73,2,1016
12716,1053.49,2,708
14419,1051.79,6,483
16416,1051.4,3,672
15329,1049.7,3,486
14078,1049.37,6,310
17287,1049.06,7,556
15839,1048.49,3,675
16728,1048.28,4,671
15777,1047.11,4,378
15407,1046.74,4,552
16520,1046.57,3,558
14293,1046.56,4,709
15464,1044.65,1,348
15192,1044.32,3,918
14389,1043.46,2,729
15073,1043.41,3,491
12497,1043.1,1,1236
13719,1041.68,5,609
18221,1041.61,5,791
15434,1041.48,5,647
16320,1038.46,2,732
14465,1038.44,3,398
16175,1037.59,4,533
17042,1036.58,5,990
12691,1035.8,6,394
16260,1035.45,1,311
13639,1033.34,1,800
14584,1033.06,4,381
17724,1033.0,3,300
12599,1032.58,7,956
15996,1032.58,6,380
17405,1031.41,3,726
12724,1031.41,4,445
13235,1031.07,1,441
12717,1030.98,2,506
13253,1030.4,2,1572
17033,1030.14,3,750
15333,1028.56,1,344
16980,1028.46,2,739
16682,1028.0,5,1040
14904,1025.44,2,1985
16160,1025.44,2,1162
15658,1024.1000000000001,5,242
17096,1022.13,4,339
14346,1021.58,2,605
13165,1021.48,2,1376
12572,1020.42,2,452
13376,1019.76,3,493
18142,1019.52,2,1276
13956,1019.27,5,486
12828,1018.71,6,494
12514,1017.68,1,440
13728,1016.14,6,458
12642,1013.26,3,552
12739,1013.04,2,486
17197,1013.01,1,191
14195,1012.0,2,760
14775,1011.9,3,1174
16229,1010.6,2,318
14446,1010.35,4,916
12849,1010.29,2,597
13032,1010.18,2,375
14224,1009.73,4,483
16572,1009.6,3,532
16174,1009.5500000000001,3,651
17951,1008.5400000000001,3,616
17646,1008.39,3,323
14631,1006.98,3,622
13429,1006.8,4,1390
13867,1005.09,3,501
14214,1004.38,5,751
13410,1003.06,5,518
14083,1002.9,9,705
12446,1002.3100000000001,1,351
12545,1000.39,2,523
15508,1000.27,6,440
18143,1000.16,2,570
12722,997.63,4,566
15110,996.1,4,246
15104,993.54,2,635
17594,993.18,2,550
13363,992.5,2,710
14223,991.13,3,585
16232,990.88,4,550
14514,990.2,3,564
17126,989.45,5,780
15062,987.86,4,763
18237,987.1,5,622
14583,986.96,5,751
17324,986.48,4,843
13117,984.91,8,945
17144,984.57,2,483
12510,982.5699999999999,2,353
15133,982.42,3,680
15071,982.07,2,269
16188,981.86,4,782
16085,981.51,5,636
12541,981.18,3,680
18170,980.31,3,409
13509,979.72,7,1106
13350,979.12,2,287
15132,977.9300000000001,5,679
14920,977.77,2,509
13026,975.36,5,1620
16376,974.96,2,691
14522,974.54,4,525
15449,974.52,3,812
12994,974.4200000000001,3,459
18194,973.8399999999999,1,632
16009,972.11,4,366
15506,972.08,3,842
13155,971.76,4,497
17100,971.74,2,800
14256,969.0600000000001,2,414
14138,965.8800000000001,2,600
15793,965.61,3,553
15860,965.16,8,437
12550,964.83,1,569
13138,962.39,6,473
14006,962.19,3,641
15156,961.49,3,597
16419,958.71,6,428
18192,957.97,1,339
13823,957.66,2,439
12697,957.59,3,508
14629,955.26,2,378
15948,955.24,2,567
17244,954.9,1,616
17097,954.42,8,459
15835,954.09,4,439
14540,952.66,3,411
15421,950.36,4,500
13636,949.12,5,592
12822,948.88,2,550
17044,948.48,1,504
13748,948.25,5,439
12458,947.4,2,506
15747,946.64,3,466
13261,944.1,2,210
12820,942.34,4,722
14075,942.26,3,754
15289,939.78,3,1008
17527,939.37,4,488
17227,939.32,6,741
16584,936.08,2,646
14140,935.05,2,811
16027,934.62,6,1147
12924,933.7,4,481
15787,933.26,3,534
13655,932.97,2,605
14532,932.85,4,284
18133,931.4999999999999,1,1350
16934,931.03,2,397
17289,931.02,3,513
17552,930.41,4,719
17618,930.28,3,319
16907,928.76,5,286
14475,925.85,3,447
14231,925.71,3,409
17048,925.35,3,485
15312,924.85,4,516
13805,924.6,2,1900
15654,922.53,2,475
13122,922.39,2,585
16551,922.12,3,970
13934,922.1,1,390
13035,921.88,2,644
14081,921.62,2,592
15576,921.37,1,394
13984,920.51,5,679
17018,920.1,2,176
12652,919.98,1,505
13075,919.61,1,485
16511,918.33,3,405
13549,918.2,7,458
15253,918.1999999999999,5,866
14015,917.34,1,378
14712,917.07,3,315
15707,916.98,4,594
17236,916.13,6,474
14141,915.13,4,355
16216,914.9300000000001,1,254
16809,914.69,5,652
15587,913.6800000000001,4,312
15364,913.19,2,493
14359,912.18,3,371
13192,911.94,2,595
14289,911.26,6,292
13689,910.0,1,512
13782,908.86,6,369
13038,908.46,3,360
17323,906.52,7,760
15480,905.5,1,303
15807,903.9,3,430
16716,901.2,2,120
17848,901.1999999999999,9,398
15511,900.53,5,269
12940,899.69,2,404
14625,899.63,2,335
15079,895.61,4,389
15865,895.13,3,368
15211,894.4100000000001,2,240
15066,893.59,1,317
12772,892.47,1,556
16361,891.21,4,418
13515,891.12,4,681
15255,890.85,1,489
14240,890.34,2,418
14344,889.9300000000001,8,477
17007,889.9300000000001,6,597
17829,889.24,1,496
17537,887.67,2,699
16900,887.11,3,833
14623,886.7,5,418
14449,885.8,4,741
15822,885.47,2,375
17704,885.19,2,343
15799,884.14,3,955
15907,882.72,3,478
18236,882.24,6,403
17109,881.29,6,588
13662,881.26,3,533
13037,881.07,3,431
15076,880.85,1,571
17027,877.5600000000001,6,416
15653,877.4399999999999,2,1200
14770,876.42,2,490
15100,876.0,3,80
16513,874.59,4,407
16657,874.43,4,1130
13294,873.74,2,453
15208,870.12,5,316
13200,870.09,4,516
13979,869.87,1,639
17566,869.77,2,497
12694,869.67,2,509
13203,869.46,4,800
17886,869.28,3,469
17649,868.49,1,399
14912,867.85,2,971
14715,867.38,4,521
16235,867.31,5,330
14597,866.24,2,566
16567,865.6,2,996
13846,865.0600000000001,3,388
12680,862.81,4,443
16266,861.89,7,398
16221,860.86,3,714
12794,860.41,2,592
13339,860.12,1,326
14577,859.71,4,353
14553,859.27,5,493
13566,856.84,2,567
16163,856.6,2,192
12693,855.91,4,255
17064,855.45,3,316
16037,855.02,3,428
12878,854.99,2,547
17560,854.95,4,635
16121,854.66,2,576
14193,853.39,2,445
13991,852.88,6,995
15022,852.39,4,527
12379,852.24,2,407
16070,852.15,2,457
16020,851.01,3,487
18096,849.06,3,788
12713,848.55,1,508
14657,848.22,4,466
16347,847.45,2,341
13221,847.41,2,244
16877,846.62,6,458
14803,845.55,3,370
12847,843.64,1,873
17624,843.48,2,554
17929,843.0,4,108
13929,842.65,2,143
16108,842.5,1,615
16560,841.41,2,500
14862,841.1999999999999,2,772
17076,841.0799999999999,3,295
14332,840.21,3,463
13940,839.14,4,516
17115,837.5,3,372
16554,837.1,3,402
15832,836.79,1,465
12728,836.33,4,419
16747,836.06,2,583
17169,835.78,2,526
13835,834.57,4,442
17075,834.12,4,292
16644,833.78,2,826
15862,832.88,4,585
14644,830.76,2,258
16924,829.89,3,467
13681,827.83,4,360
12461,826.88,2,287
12781,826.74,2,671
16494,826.53,1,675
12427,825.8,3,533
15164,824.58,3,351
16164,822.48,3,433
12778,822.23,6,825
13893,821.1,1,190
17921,820.23,4,425
17759,819.96,3,697
13220,819.2900000000001,4,196
16092,817.86,3,628
16869,817.12,4,583
16943,816.73,3,145
15649,816.0,2,192
15399,815.77,3,611
13811,814.5,3,68
18064,814.0,2,384
16600,813.52,6,1145
16621,813.48,4,302
14421,813.11,2,365
16284,812.68,2,535
17980,811.45,3,682
16460,811.23,3,876
16276,810.6000000000001,1,420
16624,810.5699999999999,2,488
15965,808.87,4,434
14499,808.44,3,496
15533,807.57,3,289
12421,807.04,4,484
13707,806.41,2,351
12434,806.14,2,394
13637,804.3,3,405
18248,804.02,2,511
12422,803.5600000000001,3,370
15644,803.54,4,550
18265,801.51,2,311
17114,801.12,8,215
16367,800.67,2,643
15561,800.59,4,267
13720,799.9,4,501
17905,798.99,4,406
17703,798.74,3,590
13280,798.46,3,518
16438,798.35,5,463
13389,797.96,3,429
12701,797.71,2,678
13336,795.12,1,559
15831,794.64,3,1092
15990,792.11,2,443
13167,791.33,4,785
14976,790.86,7,234
13016,789.89,3,527
16759,789.79,3,609
13329,789.0,2,463
14557,788.38,1,510
13323,787.85,5,175
13884,787.6,5,300
16546,787.15,2,549
13212,786.83,3,309
13109,786.54,2,520
12628,786.46,3,448
15806,784.58,3,602
18136,784.33,3,379
17180,783.97,4,670
16054,783.9,1,380
15952,781.91,4,391
17006,781.78,4,272
15679,781.28,4,1170
13583,781.03,1,725
15239,780.59,2,594
17797,780.43,3,498
18228,779.9,2,238
12735,779.5699999999999,2,368
17411,778.94,3,306
13375,778.65,1,442
14815,778.5,2,744
17414,778.0,2,2100
16505,777.6,1,576
13563,777.53,2,209
12425,777.2,1,496
15618,776.851,4,454
15743,775.96,4,214
13314,775.94,3,560
13341,775.85,1,301
16825,775.1800000000001,2,566
15414,774.9000000000001,3,443
16043,773.99,4,503
16222,773.5500000000001,1,325
15075,773.03,1,447
17764,772.55,2,351
17409,771.85,2,105
15353,770.12,2,341
14412,770.03,2,786
12965,769.8100000000001,1,282
16480,769.29,1,455
13356,768.24,1,325
14672,765.55,2,454
17695,765.34,2,779
14885,765.3199999999999,1,724
17516,764.88,5,414
17268,763.64,4,844
17466,763.28,2,306
16806,762.16,4,356
15599,761.74,2,718
14883,761.59,6,790
17425,759.17,2,407
16036,758.92,2,716
15568,758.29,3,461
16725,758.27,7,288
12413,758.1,3,286
16205,757.63,4,516
14550,757.37,2,389
16770,757.1,5,456
15223,755.75,2,213
13370,754.87,1,343
18104,754.64,1,362
14234,754.12,4,951
16470,752.77,4,522
13730,752.6,2,488
13030,752.4399999999999,2,348
16256,752.4300000000001,1,581
12908,750.0,2,1200
17146,749.78,3,212
14923,749.1,1,418
15656,748.5,4,343
16859,747.81,2,827
14201,747.44,7,590
17387,746.81,2,522
14050,746.36,2,689
17034,745.52,3,410
14790,745.06,4,699
13950,745.06,4,323
13236,744.85,2,416
13354,743.53,1,604
16730,743.11,3,994
12374,742.9300000000001,1,342
16891,742.43,5,265
12465,742.1899999999999,2,479
14662,741.37,4,578
13753,741.26,1,512
13900,740.95,3,430
17692,740.9399999999999,4,672
15252,740.78,2,522
12603,739.1999999999999,1,63
14756,738.96,1,416
12976,738.6,1,561
17461,735.82,3,770
15074,735.67,1,431
15045,735.66,2,114
15215,734.94,3,225
15525,734.37,3,387
16146,734.13,3,427
17979,732.41,4,383
13575,732.0699999999999,5,449
16099,731.9,3,434
16491,731.5,1,478
14778,730.86,2,306
13736,729.8,2,496
12468,729.5400000000001,2,366
16261,728.54,4,301
17666,728.16,2,596
13077,728.02,4,862
13623,727.74,5,286
14055,725.6400000000001,1,216
16140,725.18,2,730
12723,725.07,5,434
15636,724.76,2,284
12475,723.38,1,535
17521,723.2099999999999,3,519
15272,721.94,2,310
14869,721.45,2,549
15584,720.86,4,313
18062,720.52,3,396
16023,719.81,3,358
15274,716.57,2,619
12535,716.35,2,219
15400,716.2,5,390
17029,716.0,2,400
17888,716.0,8,973
15330,714.96,2,1312
15757,714.42,2,491
18035,713.89,3,584
12616,713.3,2,284
13169,712.88,2,272
13147,712.8000000000001,4,144
17761,712.78,1,398
13416,712.5,2,142
13587,712.4,1,180
17642,712.29,2,474
15855,712.24,5,470
13705,711.86,3,363
17179,711.79,3,290
13249,711.41,3,546
14867,710.28,3,328
16362,709.99,5,340
14127,709.71,3,321
16136,709.38,3,440
15951,708.22,2,313
16449,707.69,2,367
12453,707.09,1,473
16309,706.57,2,467
14126,706.1300000000001,3,508
16364,705.79,2,279
16882,705.12,3,424
16015,704.55,3,907
17934,704.25,2,478
12612,704.0400000000001,1,262
17974,703.99,3,500
12883,703.47,4,196
15103,703.36,2,329
16997,702.0,3,360
14179,701.57,2,319
14198,701.4,4,290
14356,701.23,2,277
13238,700.73,4,298
17734,700.63,3,422
17812,699.81,4,329
17423,698.41,2,459
14829,697.55,4,452
17472,697.54,3,455
15800,696.89,2,332
15700,696.68,2,357
14009,695.61,2,365
14959,695.42,4,494
17884,695.0699999999999,4,817
15304,694.4000000000001,8,104
12925,694.05,2,541
15053,693.95,3,984
14643,693.8100000000001,2,815
12410,693.3299999999999,2,211
13601,693.32,2,548
14111,692.85,4,458
17198,692.22,3,357
17733,692.19,2,463
14880,690.59,3,365
16212,690.34,2,244
17796,690.0,4,176
18085,689.95,2,265
13023,689.9,2,286
15181,689.4799999999999,3,544
17502,689.1,4,376
13799,688.86,2,402
16642,688.33,2,479
18196,686.63,2,431
12658,686.05,1,320
15038,685.74,6,212
16122,684.4200000000001,4,1128
15669,684.34,4,342
17874,683.46,6,221
14222,683.17,1,607
15582,682.9100000000001,3,453
17341,682.29,3,443
18135,681.9100000000001,5,349
17397,681.41,2,250
12478,680.99,1,236
18082,680.84,1,608
13524,680.1800000000001,5,324
16872,680.02,3,600
15322,679.68,1,416
13430,679.45,2,751
14788,679.4399999999999,2,421
13925,678.25,4,331
13548,678.16,2,436
13388,677.1,2,282
13040,676.99,2,355
16377,676.2,1,1500
15626,675.8,2,766
17462,675.69,2,227
15574,675.64,4,332
18156,675.64,2,283
12942,675.6,3,198
13607,675.51,1,288
13325,675.3,1,240
17994,674.89,4,495
13838,674.82,4,254
13355,674.7,1,314
13464,674.68,1,403
17749,674.52,2,320
13951,674.45,3,459
14504,673.26,4,308
13258,672.83,3,282
14628,671.96,2,272
12838,671.95,2,355
12638,671.69,1,577
12418,668.58,1,407
14342,668.5600000000001,4,347
13741,668.4300000000001,3,218
16268,667.65,2,533
15969,666.1,3,124
17105,665.78,2,693
13963,664.54,4,460
17883,664.34,4,374
16208,664.26,2,333
13596,664.11,2,384
15643,664.0,3,246
14720,663.81,3,219
13240,663.65,4,298
16573,663.61,2,360
16774,661.52,4,322
13028,661.3199999999999,2,798
14603,660.0,1,400
15492,659.4599999999999,2,483
13759,659.4100000000001,2,287
16357,658.88,3,246
14150,658.64,2,496
16696,657.9000000000001,4,146
14818,657.8,3,324
17459,657.3,2,537
15677,657.23,1,319
17321,657.16,2,364
16157,656.69,3,347
13049,656.6800000000001,2,268
16708,656.63,1,285
17299,656.61,4,668
16127,656.25,1,323
14894,655.75,1,265
14725,655.58,1,588
16444,654.67,4,407
14651,653.75,2,343
17398,653.38,3,310
18151,653.35,2,355
13496,653.33,2,341
18121,653.3,2,438
15205,653.24,2,378
15031,653.19,4,400
14548,652.8,2,256
17523,652.74,4,872
16056,650.75,1,345
15571,650.4300000000001,4,264
16969,650.41,3,816
17779,650.32,3,396
14034,648.89,3,420
16495,648.26,3,328
17777,647.56,3,501
17373,646.92,4,408
16014,646.83,3,258
16734,646.76,3,345
12589,646.68,2,306
14044,646.42,4,304
15651,646.3,3,479
14855,645.65,2,267
12719,644.95,2,374
17312,644.3,3,372
14451,643.9,2,378
16383,643.76,2,467
14020,642.8,2,441
13034,642.77,2,369
15384,642.41,2,596
17545,642.32,3,337
17046,642.02,1,510
15297,641.94,3,292
18218,641.92,2,536
12365,641.38,2,174
12624,641.13,2,355
13417,640.83,2,162
13318,640.76,3,304
12631,640.5,1,236
14301,640.14,1,606
15648,639.5,2,218
17515,639.02,4,243
18160,638.0600000000001,2,294
14754,638.05,2,486
14128,637.5,2,564
14481,636.51,2,489
14664,636.24,2,465
15829,636.14,2,996
15773,635.6800000000001,1,311
14000,635.66,1,710
16139,635.41,3,330
13892,632.97,4,983
14220,632.4,2,272
16306,632.27,6,487
18183,632.07,2,371
13822,632.0,2,611
14021,631.9,3,192
15244,631.57,2,405
17985,631.35,1,171
13539,631.34,3,320
16418,631.12,3,280
17990,630.84,3,414
13046,629.31,2,264
13525,628.78,2,394
14687,628.38,1,470
13518,627.16,1,382
15028,627.13,4,459
15402,626.77,2,694
14036,626.65,1,268
12577,626.6,3,469
13914,626.45,2,380
16469,625.42,4,260
16750,623.93,5,214
12649,623.51,3,586
15147,623.5,1,366
13368,623.4,2,327
16431,623.28,3,442
15258,623.16,2,142
17499,622.88,1,711
15182,622.85,2,253
17460,622.4300000000001,6,236
15768,621.8299999999999,3,244
18217,621.75,2,491
16915,621.6800000000001,6,132
17640,621.66,1,250
14152,621.29,2,711
13402,621.23,2,479
13546,621.09,3,357
16141,620.4,1,238
12667,620.13,1,395
13493,618.63,2,380
16613,618.59,1,293
13145,618.52,4,145
12596,618.27,2,474
13301,618.09,4,345
16134,618.09,2,371
14593,617.15,3,330
14377,617.05,2,219
16311,616.26,2,394
14905,616.15,2,287
14382,615.49,1,1231
15275,615.14,1,498
16566,614.66,5,362
16116,612.78,1,248
18022,612.72,1,703
12513,612.29,1,462
18149,612.0799999999999,3,310
15232,612.06,2,686
15645,612.01,1,256
16109,611.88,2,612
16763,611.85,1,319
13731,610.59,2,278
12673,610.52,2,351
15795,610.01,1,581
14636,609.85,2,241
13357,609.4,1,321
16442,609.3,3,443
13933,608.7900000000001,2,205
12933,607.53,3,499
17119,606.91,2,334
16718,606.0500000000001,1,407
17849,605.8000000000001,4,114
14133,605.64,3,348
17507,605.58,2,359
13233,605.12,2,1004
14323,605.0600000000001,2,350
17664,604.64,2,604
12944,604.51,2,289
16732,603.75,1,317
12707,603.42,1,256
16022,602.63,1,255
15366,602.51,2,621
12654,601.98,5,264
14609,601.56,4,7026
16654,601.27,4,282
12420,600.39,1,345
18211,600.07,5,359
12872,599.97,2,319
12521,599.68,1,309
12556,599.56,2,355
14710,599.48,4,375
17420,598.83,3,265
15720,598.73,1,281
13311,598.57,2,305
16298,598.2,3,198
14108,597.91,2,381
14645,597.09,2,381
15381,596.85,2,171
14675,596.36,1,336
14467,596.26,4,276
18246,596.1,2,166
14965,596.09,2,363
13888,595.67,2,254
17658,595.42,2,616
14284,595.25,2,161
13558,594.52,4,338
16788,594.39,2,304
16325,594.24,3,194
13959,594.04,3,355
15442,594.0,1,120
12917,594.0,1,120
16535,593.75,1,356
18232,592.97,4,302
16203,592.9,4,262
14692,591.55,4,265
15573,591.1899999999999,2,355
13276,590.9300000000001,2,161
13270,590.0,1,200
13452,590.0,2,2
14882,589.7,2,158
16838,588.85,2,185
14338,588.22,2,335
15624,588.13,4,357
17351,587.15,3,113
17890,586.89,2,402
12384,585.27,2,126
13243,585.12,1,232
15222,585.0,1,440
16384,584.5,2,260
16072,584.3199999999999,1,140
14023,584.07,2,345
13557,584.06,2,546
15762,583.75,2,251
17014,583.4300000000001,3,243
12426,582.73,1,258
13427,582.6,3,545
12695,582.1,4,220
17259,581.23,2,388
18095,580.0500000000001,2,419
17142,579.0,1,81
13292,578.9399999999999,2,347
17540,578.9,2,194
16005,578.71,4,280
14529,578.61,3,325
12601,577.0600000000001,5,245
14176,576.9000000000001,4,209
16723,576.4,2,398
15830,576.0,1,415
15550,575.63,4,295
13487,575.4,3,265
14400,574.7,1,454
18123,574.4399999999999,2,582
15339,574.07,2,416
15303,574.02,1,248
12879,573.22,3,370
13379,572.56,3,601
13405,572.451,3,165
12816,572.2,2,128
13816,571.6700000000001,2,269
17616,571.1999999999999,3,224
15821,570.96,2,202
15315,570.5,2,862
13939,568.55,3,847
17360,568.24,3,328
13321,567.36,2,372
16667,567.1800000000001,2,236
18150,566.58,3,332
16278,566.38,1,114
16345,565.46,1,288
13894,564.62,3,354
15344,563.94,3,116
16933,563.23,2,288
14753,563.15,1,211
17970,562.79,1,513
14167,562.59,4,147
12414,562.41,3,300
16916,562.41,2,431
12559,561.71,2,283
13946,561.5699999999999,3,443
15655,560.67,1,324
13044,560.47,1,429
14273,559.97,4,264
16275,559.87,1,336
15415,559.61,1,551
16906,559.59,4,263
12866,559.12,1,171
17503,558.96,2,486
12987,558.7,2,219
13800,558.32,1,331
14592,557.94,3,407
13260,557.62,1,142
17955,557.3,4,273
16385,554.86,3,258
17864,554.85,3,706
14891,554.38,2,505
14618,553.44,3,264
15068,553.36,2,364
12363,552.0,2,408
17674,551.04,2,672
17291,550.8000000000001,1,72
17235,550.06,2,224
17265,550.01,2,389
12390,549.84,1,353
14177,549.46,4,204
16536,548.12,1,250
16031,547.9,2,421
14474,547.66,1,140
16811,547.07,2,477
17637,547.0600000000001,2,280
16211,547.02,1,154
17295,547.0,3,293
17520,546.81,1,365
14805,546.4,4,114
14997,546.1999999999999,3,1120
17806,546.04,1,727
12793,545.48,2,295
16475,544.3,4,319
13617,544.18,3,300
13390,544.08,1,224
16927,543.05,3,993
13278,542.73,1,537
16230,542.03,2,365
17897,541.8100000000001,3,222
17447,541.53,2,443
17557,541.46,3,306
13874,540.45,1,180
12743,540.13,2,315
13812,539.0,3,333
14496,538.8100000000001,2,159
15469,538.55,2,153
15539,538.46,1,410
14539,537.48,2,428
16206,537.0600000000001,4,272
15043,537.0,1,300
16804,536.99,3,246
16233,536.6800000000001,3,174
16142,535.34,1,422
13000,534.85,3,379
13385,534.57,1,281
16340,534.31,1,486
17443,534.24,1,504
13434,534.24,2,300
13217,533.98,3,262
17062,533.33,4,418
15433,533.3,2,534
15825,532.94,1,220
12784,532.8199999999999,2,280
16706,531.35,3,249
14265,530.18,2,330
18159,530.15,1,139
14002,529.73,2,877
14463,529.62,3,179
16185,529.41,2,260
18043,529.29,3,265
15452,528.48,3,280
17631,528.33,3,334
16602,528.08,1,336
15756,528.01,4,241
12479,527.2,1,385
17623,527.0500000000001,1,265
15919,525.69,2,385
17429,524.9200000000001,3,624
15467,524.88,3,310
13721,524.14,1,316
17329,523.11,2,142
18017,523.0,3,300
17712,522.91,1,215
12863,521.2,1,188
15149,520.8000000000001,1,128
17345,519.6899999999999,4,341
14873,519.68,1,168
12571,519.61,2,523
13643,519.44,3,273
16955,518.67,4,266
16650,518.42,1,372
15030,518.28,2,372
18252,518.27,2,234
16892,518.19,5,236
16135,517.55,1,209
17454,517.53,4,243
18205,517.36,2,192
13043,516.42,1,254
15882,516.36,4,276
15809,515.77,5,301
12811,514.85,3,230
15246,514.15,2,247
13005,513.7,2,172
17513,513.2,1,254
17290,513.01,2,397
17805,512.31,1,478
17480,511.82,1,338
15891,511.68,1,418
12582,511.36,2,300
14851,511.35,2,325
16561,511.12,2,244
15406,510.71000000000004,2,254
12436,509.01,1,211
17391,508.8,2,480
15417,508.8,1,284
14317,508.58000000000004,1,255
17958,508.4599999999999,1,84
17415,507.84,1,114
14158,507.66,1,781
14820,507.29,4,253
16960,507.05,3,304
13885,506.8,2,182
16614,506.19,1,223
12988,505.82,1,126
14014,505.18,1,1076
15081,504.8,5,190
12991,503.76,2,405
17630,503.59999999999997,2,158
15535,502.9,4,135
16863,502.8,2,409
13865,501.56,4,204
15881,501.39000000000004,5,260
14871,501.28000000000003,4,179
13116,501.14,1,291
13247,501.12,4,328
16898,501.03,3,412
16616,500.42,2,370
15389,500.0,1,400
14077,499.41999999999996,5,268
15193,499.32,1,144
14681,498.95,3,76
16488,498.8,3,728
15142,498.74,1,365
17053,498.48,1,122
17298,498.42,2,387
16820,497.61,1,307
17495,497.56,2,229
15300,496.44,1,292
15018,496.21000000000004,3,189
12904,496.06,2,294
17374,495.77,2,85
15448,494.64,1,232
16352,494.44,2,300
17333,494.25,1,375
12763,494.08,2,316
14270,492.65000000000003,1,197
13732,491.86,1,498
14236,490.86,2,310
15000,490.52,1,218
15877,490.33,2,368
14416,490.22,2,326
18074,489.6,1,190
12809,489.31,1,220
17361,488.2,3,157
14396,487.99,2,225
15165,487.75,1,160
16643,487.51,1,269
13338,487.02,1,256
13675,486.82000000000005,2,330
17453,486.71999999999997,2,219
15287,486.69,2,433
13153,486.22,1,418
12639,486.1,1,201
15109,484.95,1,131
16999,484.82,2,294
16518,484.32,2,327
13531,483.8,2,174
14958,483.72999999999996,3,128
12808,483.65000000000003,3,188
14147,483.4,2,108
14450,483.25,3,241
16603,482.47,2,480
17950,482.2,3,366
12504,482.04999999999995,2,90
18216,481.75,1,200
13176,481.49,1,448
14130,480.91,1,257
15091,480.71,1,346
15006,480.38,1,286
17555,480.31,2,348
16368,479.91,2,251
16812,479.35,1,81
16008,478.78,3,323
15589,478.53000000000003,3,243
16768,478.09000000000003,3,196
12644,477.91,1,325
16693,477.86,2,203
13092,477.83,5,279
14320,477.79,2,325
12447,476.49,1,190
18176,476.35,1,283
15507,475.86,1,160
14853,475.8,2,82
14497,475.37,1,235
15780,475.28000000000003,3,220
14013,473.02,3,462
16038,471.78000000000003,3,244
15721,471.40000000000003,1,388
13066,470.8,2,322
15963,470.76,2,298
14431,470.36,1,130
15026,469.0,3,285
15557,468.91,1,213
14896,468.77000000000004,2,279
13171,468.41,3,229
14029,467.66,2,198
15468,467.51,2,155
13579,467.04,2,176
16374,466.73,2,237
14205,466.7,2,204
16504,465.88,1,510
13248,465.68,2,305
16742,464.9,1,1
13928,464.57,4,129
16586,463.95,1,95
15349,463.90999999999997,2,321
14967,463.8,1,140
12787,463.66,3,261
17418,463.46000000000004,2,289
14489,463.38,1,299
17964,463.21,2,294
12945,462.95,1,165
14331,462.65999999999997,2,252
14470,461.19,2,193
16824,460.64,2,236
16805,460.59,2,539
12491,460.40000000000003,1,260
12355,459.4,1,240
16589,459.24,3,368
17880,458.92,1,314
15754,458.57,3,199
13506,458.52,2,324
15092,457.81,2,135
15121,457.72,2,199
12375,457.5,2,178
13398,457.34,1,281
12564,456.9,1,133
12999,455.88,3,342
14513,455.59000000000003,3,361
15585,455.3,1,320
16529,455.25,1,198
14335,454.86,2,375
15471,454.48,1,256
13485,454.24,1,277
17140,454.12,1,296
15475,454.10999999999996,1,319
17564,454.01,3,146
18158,453.4,2,354
12729,453.01,1,233
18071,453.0,2,260
14184,452.89,1,127
12591,452.84999999999997,1,228
16574,451.44,1,416
15802,451.42,1,1
14173,450.84,4,150
16885,450.41,3,178
17040,449.73,1,181
13489,449.52,4,560
12448,449.45,1,243
15739,449.12,1,472
17579,448.90000000000003,3,258
14780,447.68,2,310
15646,447.64000000000004,3,394
15368,446.94000000000005,1,230
14149,446.62,1,218
17370,446.18,4,540
17190,444.74,2,161
18006,444.68,1,220
14638,443.6,1,166
16404,443.05,1,157
18222,443.0,1,335
12579,440.42,1,285
14022,440.0,1,487
15524,440.0,1,4
18233,440.0,1,4
13954,439.92,2,150
12391,439.66,1,293
16025,439.65999999999997,1,338
13359,439.56,1,161
16968,439.43,2,326
13358,439.03,1,285
14272,437.96,2,599
12552,437.82,2,88
16034,437.7,3,242
12592,437.6,2,290
16084,436.18,1,216
15551,436.06,1,218
16948,435.02,3,1614
15456,434.59000000000003,3,633
14910,434.35,4,238
14460,434.34,3,881
14093,433.86,1,391
12493,433.74,2,207
17035,433.53000000000003,2,229
16236,432.2,1,184
16881,432.0,1,600
12452,430.57,2,185
13245,430.5,1,125
12795,430.48,1,68
12827,430.15000000000003,3,197
16884,429.84000000000003,2,320
15450,429.84,1,376
15230,429.6,2,351
15036,429.56,3,316
15553,428.93,1,449
15957,428.89,1,211
13602,428.89,1,267
17869,428.18,5,111
15360,427.93,1,223
12725,427.8,1,164
12403,427.7,1,96
15976,427.64,2,275
12740,427.6,1,342
12802,427.58,1,314
15930,426.63,1,139
14288,426.6,1,188
15639,425.32,1,323
14157,424.89000000000004,2,271
16119,423.36,2,240
17525,422.70000000000005,1,82
13473,422.64,2,266
16689,422.59999999999997,2,330
18240,422.58,1,126
13140,422.47,3,185
16780,422.24,2,270
18106,421.9,1,126
14757,420.5,1,160
15206,420.29999999999995,4,162
15889,420.07,2,206
14124,419.58000000000004,1,1618
15361,418.92,1,336
18034,418.68,2,559
17371,418.4,3,151
12593,418.09999999999997,3,206
17701,417.95,1,109
17232,417.77,2,202
13615,417.69,1,189
16737,417.59999999999997,1,288
12833,417.38,1,156
17392,417.27,2,277
13166,417.2,1,216
16816,417.06,4,274
13889,416.90000000000003,1,146
17223,416.89,2,110
15935,416.86,2,115
16957,416.64,2,172
13085,416.08000000000004,2,216
15803,415.82000000000005,1,290
14139,415.82,1,510
12930,415.8,2,252
12580,415.7,1,238
15725,415.25,1,221
14333,415.2,1,58
18001,415.13,2,362
16795,414.88,1,239
14998,414.87,2,258
12993,414.76,4,240
15994,414.27,1,173
16239,414.2,2,228
17483,414.04,3,191
13974,413.59000000000003,1,249
16834,413.46,1,358
17134,413.2,2,98
14620,412.78000000000003,2,214
15523,412.01000000000005,1,132
16272,411.7,1,224
15186,411.41,2,215
15099,410.48,1,343
15695,409.98,2,212
14048,409.93,1,288
13827,409.8,3,138
14348,409.57,1,183
12990,409.5,3,200
15225,409.40000000000003,1,226
16243,409.1,2,110
16018,408.90000000000003,2,190
15269,408.8,1,26
17913,408.65,2,288
16629,408.63,2,489
16324,408.59000000000003,3,270
17931,408.36,2,249
16399,408.02,2,263
15127,406.53,1,251
16947,406.48,1,312
15342,406.09,1,283
14616,406.08000000000004,3,104
12970,405.47,4,268
12922,405.38,1,370
15012,405.04,2,225
15938,404.58,5,240
16319,404.40000000000003,1,72
16484,404.3,2,200
12498,403.70000000000005,3,159
17431,403.3,1,292
15221,403.25,1,43
18036,403.12,3,232
15184,402.2,2,199
12386,401.9,2,354
15158,401.40000000000003,1,198
16500,400.86,6,123
16198,400.68100000000004,1,129
12792,400.53999999999996,1,217
17375,400.1,3,367
18164,399.65000000000003,1,184
13255,399.51,2,177
18154,399.19,2,255
17052,399.09,1,251
17830,398.7,3,92
15522,397.99,2,572
13352,397.97999999999996,1,321
12508,397.88,2,271
15967,397.68,2,205
15429,397.35,2,380
17926,397.29,2,306
12824,397.12,1,232
13594,396.97,1,359
17486,396.87,1,191
15883,396.48,2,223
18067,396.33,1,189
16354,395.8,2,150
17603,394.72,1,74
14619,394.44,1,152
16207,394.38,1,140
15386,394.14,1,446
15264,393.74,1,265
15345,393.54,1,81
17226,393.49,1,406
14600,393.33000000000004,1,125
14670,392.86,2,326
16010,392.4,3,202
15837,391.98,1,189
16917,391.52,1,232
12982,390.54,1,288
18024,389.78,2,184
17379,389.71999999999997,1,623
14752,389.64,1,260
13873,389.6,3,140
13345,389.5,1,141
16250,389.44,2,208
15847,389.27,2,449
12690,389.01,1,106
15592,388.58,1,354
13899,388.52,2,156
13856,388.5,3,494
17438,388.45000000000005,1,103
14538,388.25,2,155
17817,387.68,3,67
14420,387.52,1,334
13673,387.44,2,114
17508,387.31,1,289
17595,386.69,2,228
14114,386.53,2,101
15664,386.43,1,157
17614,386.32,1,235
14779,386.15,3,84
13821,385.64,2,153
17711,385.1,2,246
13919,384.81,2,474
17357,384.39,2,152
16204,384.18,1,218
17205,384.08,1,884
16982,384.06,1,182
12733,383.95,1,137
13833,383.85,1,117
17189,383.75,2,226
12515,383.7,1,131
15440,383.68,3,197
14304,383.45,1,139
15424,383.34,2,554
12832,383.03,2,195
13817,382.98,2,211
17239,382.5,1,150
13657,382.14,2,209
17250,381.97,2,167
15090,381.32,1,208
16441,381.2,2,173
15048,381.0,4,192
12871,380.64,2,200
17573,380.6,3,308
17138,380.5,1,126
17999,380.39,2,219
17031,380.35,2,235
17936,380.13,1,257
14731,380.02,3,256
16552,379.73,2,219
13589,379.65,2,114
13656,379.65,2,490
17878,379.45,1,401
15885,379.35,3,111
16909,379.14,1,436
16930,378.89,3,339
13372,378.64,1,159
17078,378.2,2,788
17736,377.44,3,238
12890,376.71999999999997,1,256
17489,376.64,2,428
13936,376.58,1,330
16858,375.69000000000005,1,91
14448,375.35,2,104
14079,375.1,1,301
16147,375.0,1,246
14067,374.7,2,361
17492,374.57,1,155
12873,374.0,1,128
13351,373.94,1,117
16321,373.65000000000003,5,135
12895,372.8,2,210
12544,372.7,1,136
12981,372.21999999999997,2,242
13300,371.89,1,203
18155,371.62,3,266
15472,371.56,1,251
16776,371.54,1,254
14950,371.2,1,136
15975,371.01,1,243
15063,370.79999999999995,1,56
15922,369.5,1,138
16758,369.34000000000003,1,203
14888,369.2,1,184
17765,367.63,3,143
16065,367.14,1,228
18181,366.85,1,133
17911,366.23,1,223
17432,365.76,2,207
16499,365.45,2,127
16202,365.27,1,191
14886,364.8,1,160
15949,364.72,2,284
12373,364.6,1,197
15343,364.5,1,84
14528,364.21999999999997,1,278
12538,363.95,1,191
17330,363.9,2,120
14171,363.79,1,167
16509,363.7,1,64
12915,363.65,2,93
18056,363.65,1,211
16485,363.65,1,235
14932,363.53,1,80
14427,363.34000000000003,2,228
14594,363.33,2,183
16903,363.2,1,247
16378,362.95,3,267
16052,362.06,1,282
15025,361.96,1,184
13844,361.62,1,196
16769,361.54,1,80
16305,361.21999999999997,1,256
13291,361.11,1,233
17358,360.81,2,190
16595,360.16,1,335
13780,360.01,2,318
13298,360.0,1,96
15120,358.82,1,296
17948,358.56000000000006,1,144
16823,358.38,1,136
13228,358.0,1,200
13976,357.98,1,154
17025,357.77,3,235
16971,357.21,1,72
18040,357.20000000000005,2,148
13453,356.97999999999996,2,134
14500,356.85,3,117
15713,356.7,2,150
15247,356.0,1,160
16372,355.73,2,158
14537,355.56,1,120
15840,355.56,2,396
17742,355.11,2,89
14690,355.05,2,167
12888,354.12,2,76
12845,354.09,4,204
13173,353.65,2,277
13210,353.48,1,316
13343,353.43,1,135
14804,353.27,1,121
12617,352.98,1,210
15678,352.7,1,184
18112,352.69,2,255
16274,351.75,1,153
15901,351.73,3,379
12566,351.65,1,265
15870,351.44,1,333
15789,351.3,1,438
13923,351.13,1,185
13332,350.9,1,179
15334,350.82,3,273
13740,350.75,1,425
13108,350.06,1,298
12532,349.83000000000004,1,153
13670,349.7,1,282
13887,349.55,1,147
18250,349.27,1,199
15405,349.1,1,193
13927,348.99,1,214
17252,348.91,2,192
13790,348.8,1,748
12527,348.71000000000004,3,234
16159,348.2,1,236
13052,348.15000000000003,1,222
14379,348.1,2,292
13497,348.05,2,163
17668,347.75,2,93
18127,347.08,3,187
13062,346.98,1,343
13649,346.6,2,139
16423,346.12,1,230
13091,345.82,1,466
15781,345.46,3,180
17123,345.29999999999995,1,246
13774,345.0,1,192
14633,344.90000000000003,1,96
16978,344.33,1,166
17569,344.14,1,159
13068,344.0,2,200
15047,343.62,1,222
15520,343.5,1,314
18081,343.45,3,195
12715,343.36,1,192
12875,343.2300000000001,2,2019
17795,342.83,2,305
16851,342.45,3,271
17835,342.24,3,344
16826,341.7,1,158
13347,341.36,1,205
14491,340.93,2,139
15115,340.11,1,157
13737,339.59999999999997,1,125
17045,339.44,3,106
16545,339.3,1,78
17697,338.95,1,93
16183,338.71000000000004,1,113
13569,338.62,2,156
15652,337.74,1,208
15942,337.44,1,232
13930,337.34,2,274
15900,337.28,1,216
17973,337.04,1,176
16105,336.96,1,330
15619,336.40000000000003,1,136
17384,336.4,2,88
18078,336.13,2,145
18276,335.86,1,186
14196,335.52,1,142
16063,335.32,1,262
17917,335.03,3,184
12489,334.93,1,105
14988,334.54,1,141
15466,334.53,1,246
17221,334.48,2,287
12350,334.4,1,197
15918,334.23,2,153
14264,333.97,2,70
13216,333.74,1,297
13727,333.48,2,162
16625,333.08,1,164
14902,332.66,1,218
13904,332.64,2,332
16850,332.41,1,249
16803,332.3,1,245
16177,331.95,1,95
16030,331.24,1,283
15210,331.18,1,228
16478,331.0,3,224
12891,331.0,3,950
17862,330.9,1,100
12519,330.84,1,175
13706,330.79,1,189
14517,330.45,2,91
15130,330.11,1,197
15714,330.03000000000003,2,186
16593,330.03,3,116
12953,329.85,1,84
17866,329.65,1,174
17615,329.6,3,140
13239,329.56,1,327
17914,329.36,1,457
17154,329.34,1,490
15153,329.25,1,198
15880,329.03000000000003,1,202
14012,328.8,1,160
17222,328.65,1,122
16343,328.58,2,175
16855,328.4,2,164
15213,328.35,2,272
14747,328.2,1,84
14206,328.15999999999997,1,276
16318,328.15,1,199
15314,327.97,1,313
14024,327.7,2,150
15579,327.6,2,117
16366,327.3,1,256
14870,327.25,1,119
16322,326.75,2,231
14987,326.4,2,128
17715,326.4,1,384
16071,326.24,1,180
15363,326.0,1,144
12844,325.96000000000004,2,125
16830,325.91,1,264
14850,325.75,1,293
15944,325.1,1,50
12790,324.92,1,166
13801,324.8,1,168
15597,324.57,1,279
16685,324.24,2,396
18261,324.24,2,146
15675,323.69,3,527
15921,323.03000000000003,1,162
16739,323.0,1,172
13955,322.96,2,154
16627,322.8,1,162
16342,322.41,4,157
14424,322.08,1,48
15224,322.08,2,152
14484,321.92,1,210
17976,321.79,1,93
14823,321.43,3,88
15236,321.05,1,269
16096,320.62,1,155
14622,320.58000000000004,1,146
13986,320.46,1,430
15107,319.5,6,169
16967,319.02,1,333
17157,319.0,2,172
17229,318.76,2,185
17248,318.65,1,213
14703,318.17,1,183
17839,318.15,1,257
12648,318.05,1,160
18066,318.0,1,108
17172,317.76,1,480
15101,317.53,2,241
17267,317.2,2,158
15257,317.15,1,46
15385,316.88,1,161
15243,316.68,1,185
16761,316.62,1,341
15204,316.58,1,258
17458,316.5,1,170
13494,316.26000000000005,1,162
15872,316.25,2,187
14479,316.25,2,117
16473,316.11,3,196
18117,315.65,1,605
12614,315.6,1,76
15766,315.06,1,170
16091,315.06,2,154
17237,314.69,2,105
16193,314.45,1,219
12650,314.44,1,254
16227,314.22,1,90
15970,314.1,1,116
13484,313.8,1,44
16582,313.62,1,164
14729,313.49,1,197
13845,312.98,1,182
15318,312.62,1,642
14555,312.54,2,122
12834,312.38,1,110
13642,312.28,1,151
17362,312.23,2,191
12785,311.95,1,131
16450,311.92,1,200
14142,311.81,1,313
15326,311.71,1,386
14951,311.69,1,311
14327,311.65,1,139
12852,311.55,1,149
13990,311.3,1,190
17854,311.26,2,84
16781,311.25,1,113
13897,311.16,1,200
15185,310.62,1,666
15308,310.47,1,175
14311,310.26,1,146
17912,310.06,5,184
14924,310.05,1,64
15661,309.8,2,236
15699,309.65,1,113
16810,309.54,1,114
14339,309.52,1,168
14847,309.4,1,120
17604,309.36,2,169
12884,309.05,1,43
13787,309.04,2,337
15010,308.94,1,184
16956,308.74,1,114
13699,308.58000000000004,1,66
17510,308.48,1,214
13369,308.28000000000003,1,149
13466,307.9,1,259
15973,307.82000000000005,1,106
16123,307.78,1,170
13529,307.76,2,74
13395,307.72,1,336
13060,307.53,1,123
14716,307.51,2,495
14915,307.48,2,112
17120,307.46,1,120
13932,307.4,1,72
13142,307.09,1,258
17334,307.02,2,315
15087,306.94,1,470
13762,306.72,1,272
16668,306.71999999999997,6,318
13718,306.55,2,173
18059,306.46,3,258
15659,306.45,1,111
17176,306.13,1,170
13863,305.78,1,224
15219,305.75,1,45
16796,305.62,1,186
16181,305.54,1,152
18220,305.28000000000003,1,288
13045,305.28000000000003,1,221
12623,305.1,1,191
17941,304.56,1,252
15163,304.47,2,186
18185,304.25,1,183
16217,304.25,2,91
17070,304.24,1,131
16674,304.24,2,181
17732,303.97,1,93
16400,303.93,1,172
13083,303.75,2,187
17433,303.15999999999997,1,185
16425,302.7,1,199
14248,302.58,1,102
16386,302.57,2,205
18165,302.46000000000004,1,254
16292,302.25,1,191
17506,302.2,1,139
15054,302.1,2,198
17094,302.0,1,152
16297,301.9,1,206
16715,301.71999999999997,1,642
15667,301.32,1,240
15148,301.29,1,187
15623,301.03,1,125
13479,300.95,2,134
17978,300.91999999999996,1,499
16430,300.85,1,103
16479,300.83,2,102
14762,300.52,1,341
13304,300.42,1,238
15254,300.36,1,275
17793,300.34,1,226
13745,300.04,1,496
18053,300.02,1,302
18215,299.34000000000003,1,118
13667,299.05,1,149
15609,298.48,1,148
17824,298.4,1,408
16104,298.21,1,122
17678,298.11,1,207
12881,298.0,1,21
15857,297.0,1,308
17531,296.7,1,136
13441,296.64,1,204
17266,296.58,3,153
13751,296.25,1,152
13504,295.93,1,178
16998,295.0,4,76
14954,294.85,1,117
15060,294.25,4,257
17124,294.24,1,129
15732,294.12,2,215
16402,293.45,2,146
17163,293.1,2,66
12829,293.0,2,376
16721,292.47,1,172
14985,292.01,2,256
13502,292.0,3,264
13449,291.88,1,222
17255,291.48,2,227
14656,291.05,2,120
14947,290.82,2,179
16648,290.65999999999997,1,281
15279,290.51,1,189
17691,290.40000000000003,2,134
16526,290.36,1,106
17551,290.34,1,142
13573,290.25,2,302
14784,289.99,2,237
17464,289.96000000000004,1,220
16897,289.78,2,73
17201,289.78,1,231
14162,289.36,2,142
16125,289.35,1,124
14549,289.24,1,136
15545,288.96999999999997,2,162
17081,288.91,2,77
17501,288.6,2,160
16808,288.42,2,196
15396,288.18,1,122
17977,288.14,1,342
17080,287.62,2,166
17760,287.59,2,239
16432,287.4,1,276
13760,286.79,2,197
16555,285.89,2,175
14660,285.74,2,228
14953,285.67,1,224
17636,285.56,1,182
13708,285.33,1,301
16429,284.55,1,9
18190,284.46000000000004,2,140
13121,283.73,1,252
13439,283.71,1,242
12703,283.55,1,164
17783,283.47,2,354
13259,283.18,1,126
18270,283.15,2,101
17694,283.12,1,184
14350,282.93,1,183
13754,282.59999999999997,2,214
13177,282.45,1,91
16557,281.85,2,111
16848,281.42,1,182
14242,280.55,2,123
16149,280.52,2,308
17247,280.09000000000003,1,105
14975,279.94,1,380
15556,279.77,1,236
14480,279.05,1,143
14764,278.3,1,190
14908,277.8,1,132
13803,277.07,1,121
15355,277.05,2,45
13606,276.75,3,276
13272,276.56,2,96
13544,276.06,2,112
12750,275.88,1,137
14512,275.28,2,122
16313,274.15000000000003,2,165
16883,272.48,2,103
17498,272.22,1,394
14819,272.07,2,109
13917,272.04,2,228
14816,271.85,1,5
13058,271.40000000000003,3,52
17767,271.2,1,128
17254,271.19,2,251
17496,271.05,1,79
18108,271.0,1,84
17011,270.9,1,186
15774,270.8,1,87
14520,270.6,2,146
13242,270.40000000000003,3,130
12558,269.96,1,196
17251,269.83,1,108
13533,269.09,3,202
14727,268.58,1,62
14508,268.05,2,129
15408,267.18,1,106
17550,267.16,3,86
15320,267.13,1,326
15517,267.03,1,293
16451,266.97,1,120
17786,266.85,2,195
14863,266.76,1,132
13837,266.59000000000003,2,182
15119,266.4,1,88
12962,266.39,2,129
14068,265.85,1,73
17430,265.76,2,190
14423,265.2,1,120
17968,265.1,1,151
13973,264.7,1,109
15912,264.62,2,185
17403,263.92,1,111
17708,263.33,2,90
12492,263.21000000000004,2,192
17194,262.62,2,119
16413,262.2,1,148
16936,261.9,1,171
13189,260.68,2,842
14053,260.25,2,215
15143,259.45,1,150
13127,259.17,1,127
14452,259.05,2,116
15577,258.88,3,89
13277,258.4,4,176
15894,258.25,2,164
13227,257.7,1,99
15014,257.67,2,149
13626,257.23,1,209
16048,256.44,2,144
12430,256.4,1,117
13806,256.38,1,56
16727,256.32,1,167
17896,256.32,1,288
17385,256.11,1,197
16447,255.91,1,221
14761,255.9,2,118
15277,255.89999999999998,1,205
14881,255.4,1,316
16226,255.12,3,192
15261,254.82,1,270
15154,254.28,1,89
12604,254.18,2,201
14765,254.11,3,135
15689,254.1,2,84
12797,254.03,1,118
15759,253.04,3,60
15019,252.81,1,150
15035,252.73000000000002,1,245
13404,252.49,2,111
15346,252.42000000000002,1,144
13645,252.1,1,158
13711,252.06,2,140
16330,251.91,3,147
16836,251.87,2,165
17155,251.70000000000002,2,242
16976,251.51999999999998,1,88
13512,251.21,1,143
14501,251.21,2,161
16024,251.03,1,397
13207,250.26000000000002,2,130
16596,250.15,2,97
17303,250.04,1,144
15510,250.0,1,2
17456,249.86,1,222
16124,249.0,1,48
13061,248.61,1,107
16510,248.1,1,92
15097,248.08,1,170
13592,247.95999999999998,4,84
18072,247.44,1,288
18009,247.39,1,125
13349,247.32,1,225
14658,247.15,2,47
15783,246.3,1,212
17278,246.04,1,179
16778,245.94,2,194
17771,245.81,2,287
12660,245.1,1,127
15118,244.8,1,1440
16528,244.41,1,171
17892,244.1,3,109
17925,244.08,1,72
13103,243.94,1,82
16793,243.84,1,146
18193,243.76,1,124
13886,243.56,1,126
15634,243.55,1,99
17339,243.36,2,152
16601,242.7,1,133
16215,242.35,1,104
15776,241.62,1,138
14523,241.09,1,251
16427,241.06,2,156
17051,240.89000000000001,1,179
15598,240.68,1,160
15286,240.55,1,55
13565,240.22,2,172
17256,240.0,2,141
17181,239.92000000000002,2,241
15690,239.76,2,408
13570,239.49,1,161
17684,239.41,1,145
16756,239.4,1,106
12561,238.85,1,177
12718,238.25,1,203
17877,237.61,1,98
14586,237.36,1,444
15457,237.07,1,132
12732,236.26000000000002,1,111
16026,236.09,1,243
14647,236.04000000000002,1,91
13187,236.02,1,95
14375,235.56,1,184
15850,234.88,2,298
15462,234.6,3,172
14473,234.34000000000003,2,88
17060,234.24,1,216
16961,234.17,1,125
12736,234.0,1,173
13348,233.76,1,136
16583,233.45,1,111
16302,233.22,1,158
13678,232.6,1,924
18213,232.48000000000002,1,232
16117,232.21,1,130
17908,232.03,1,169
14995,231.98000000000002,2,102
15393,231.86,2,150
17111,231.61,1,282
16641,231.10000000000002,1,256
18030,230.64999999999998,2,67
16445,230.51,1,111
17125,230.5,1,281
13786,230.39999999999998,1,136
16926,230.25,1,35
13960,230.22,2,142
12812,229.64000000000001,1,164
13008,229.46999999999997,1,175
15528,229.33,1,123
14793,228.99,1,91
17347,228.96,1,216
13146,228.91,1,154
13712,228.84,1,352
13070,228.8,1,110
17969,228.2,2,152
16527,228.06,1,106
14569,227.39,1,79
17212,226.85,1,147
13474,226.84,1,129
17572,226.75000000000003,4,95
18005,226.47,2,86
17860,226.45000000000002,1,93
16315,226.37,1,75
16619,226.21,1,133
17789,225.9,1,74
12672,225.89999999999998,1,78
14624,225.85,2,162
12402,225.6,1,94
16690,225.57999999999998,2,138
14052,225.36,1,89
15483,225.26,4,291
16587,225.15,1,71
14357,225.12,1,147
17171,224.91,1,185
15175,224.14,1,454
16471,223.95000000000002,1,141
16753,223.92000000000002,1,189
14929,223.88,1,136
13926,223.85000000000002,1,104
17534,223.36,1,103
15637,223.36,1,128
13382,222.99,1,131
16777,222.62,2,62
18101,222.4,2,87
14598,221.97,1,189
14960,221.27,2,221
13419,221.06,1,275
16482,220.62,1,346
13079,220.10000000000002,5,62
18114,220.1,1,55
13600,219.52,1,324
15096,219.39000000000001,1,120
12702,219.0,1,53
15790,218.75,1,113
13669,218.55,2,237
12574,218.45,1,61
15724,218.25,2,73
14570,218.06,2,95
16634,217.9,2,82
16392,217.89,1,201
15554,217.2,1,74
16080,217.16,2,128
13739,216.9,1,54
13503,216.85,1,248
12897,216.5,2,110
15604,216.39,1,159
17436,216.29999999999998,2,90
14104,216.20999999999998,2,72
13858,216.17,1,75
18212,216.07,1,92
16179,215.83,1,99
17580,215.72,3,88
16189,215.48,2,134
16190,215.08,1,88
16519,215.07999999999998,2,54
12831,215.05,1,135
12588,214.89999999999998,1,53
16338,214.79999999999998,1,94
17619,214.37,1,124
16846,214.32,1,135
15460,214.26,1,107
16647,214.06,2,146
14601,213.96,1,168
13621,213.85,1,343
17153,213.78,1,104
14241,213.70000000000002,1,146
13411,213.55,1,72
16591,213.5,1,41
15540,213.3,1,200
17928,212.54,2,140
15866,211.89,1,124
16017,211.88,1,102
16356,211.77,3,93
16411,211.7,2,131
15703,211.5,1,66
13271,211.49,1,240
12995,211.32,1,108
13532,210.31,1,129
13828,209.49,1,311
17855,208.97,1,197
15327,208.75,1,116
17514,208.65,1,135
15897,208.59,2,223
16457,208.36,1,140
12547,207.79999999999998,2,134
18191,207.79999999999998,1,140
16866,207.73999999999998,3,60
15052,207.73000000000002,1,79
16323,207.50000000000003,1,50
17923,207.50000000000003,1,50
16752,207.5,1,54
13099,207.35999999999999,1,288
15925,207.15,1,93
15820,206.98,1,128
17166,206.34,2,78
14964,206.21,1,143
13065,205.86,1,74
17670,205.7,1,110
17843,205.48,1,113
15307,205.3,1,37
15758,205.25,1,47
13513,205.1,1,109
15319,204.5,1,175
17206,204.24,1,76
18273,204.0,3,80
13017,204.0,1,48
17187,203.95,1,144
17394,203.86999999999998,1,241
17891,203.85999999999999,1,393
17376,203.2,2,86
14381,202.68,1,146
18169,202.65,1,61
14984,202.37,2,58
16895,202.27,1,91
14385,202.11,3,159
13428,201.78,1,151
15347,201.60000000000002,1,130
17889,201.37,2,77
13295,201.20000000000002,1,82
13284,201.19,1,91
16965,201.19,1,291
13859,201.16,1,129
17988,201.12,7,43
18126,200.92000000000002,1,135
17693,200.47,1,231
13262,200.29,1,125
16415,200.27,1,178
15437,200.16,1,79
13980,200.14,1,172
14782,200.10000000000002,1,114
13723,199.85000000000002,1,43
15593,199.8,1,60
13322,199.48000000000002,1,117
16832,199.15,3,33
18110,198.8,1,72
17987,198.57,1,261
16178,197.9,1,94
12450,197.88,2,128
12581,197.71,1,161
14185,197.65,1,6
14789,197.64,1,116
16829,197.22,1,99
15234,197.0,1,196
12586,196.94000000000003,1,79
13436,196.89,1,76
15746,196.88,1,178
13978,196.79000000000002,2,315
16112,195.73999999999998,4,574
13792,195.55,2,92
17010,195.36,1,118
14666,195.25,1,161
15612,195.15,2,52
17475,194.37,1,178
15683,193.75,1,131
17343,193.64,1,56
15198,193.64,2,120
16847,193.44,1,78
14806,193.39000000000001,1,330
17383,193.39000000000001,1,148
14476,193.0,1,110
12522,192.72,2,194
14768,192.60000000000002,2,52
12791,192.60000000000002,1,97
16887,192.32999999999998,1,156
17608,191.99,2,229
14100,191.95000000000002,1,63
15909,191.94,1,98
14087,191.47,1,250
15692,191.04,1,138
17233,190.88,1,131
15723,190.7,1,73
13033,190.55,1,83
15412,190.53,1,108
13972,190.25,2,187
12361,189.9,1,91
13826,189.5,1,82
13663,189.47,1,91
14801,189.34,1,173
14830,188.88,1,164
14697,188.60999999999999,2,181
17781,188.02,2,34
17279,187.82999999999998,1,48
18013,187.29,2,285
13568,187.05,1,66
17440,186.42000000000002,3,246
13672,186.39000000000001,2,57
14551,186.23,2,106
15567,186.01,1,223
12641,185.9,1,72
17574,185.65,1,77
14199,185.39999999999998,1,28
16097,185.04999999999998,1,87
13482,184.64,1,116
17680,184.4,1,96
16433,184.26,1,106
15124,184.19,2,233
14326,183.85,1,103
16914,183.76,1,112
16680,183.7,1,94
14059,183.6,1,128
13460,183.44,2,286
13059,183.4,1,35
14966,183.02,1,179
16448,182.99,1,76
14082,182.25,1,110
15886,181.09,1,147
16594,181.09,1,64
17904,181.07,1,59
15945,181.0,1,52
16835,180.85,2,61
18119,180.7,1,124
18280,180.60000000000002,1,45
13710,180.48,1,176
14722,180.42000000000002,1,118
12622,180.1,1,69
15041,179.93,1,103
18147,179.33999999999997,2,203
15895,179.17,1,94
15454,179.1,1,86
16990,179.0,1,100
14705,179.0,1,100
16620,178.96,2,88
15139,178.96,2,208
15262,178.95000000000002,1,73
17660,178.75,1,121
13778,178.7,1,70
17879,178.51999999999998,1,45
15292,178.39,1,55
18045,178.34,1,138
17253,178.26,1,43
17356,178.22,1,166
18282,178.05,2,103
16403,177.5,1,114
13618,177.34,1,246
12618,177.31,1,96
13072,177.15,1,69
17947,176.68,1,168
14287,176.63,3,261
12893,176.55,1,90
12509,176.5,1,55
18274,175.92,1,88
17582,175.27,1,123
17331,175.2,1,16
16144,175.2,1,16
18010,174.8,1,60
14355,174.4,1,92
14518,174.37,1,278
18278,173.9,1,66
16861,173.76,2,140
14798,173.74,3,150
16565,173.7,1,46
12441,173.55,1,121
17772,173.45,2,55
15565,173.16,2,60
15670,173.05,1,91
14693,172.9,1,34
12923,172.82,1,68
18048,172.29000000000002,2,127
13922,172.25,1,93
13690,172.25,1,67
12442,172.06,1,182
16773,171.59,1,171
17245,171.45,1,75
13560,171.42000000000002,1,63
15432,171.19,1,65
14536,170.95,1,39
17542,170.75,1,134
14860,170.32,1,232
15335,170.22,1,79
18058,170.16,1,88
15016,170.04,1,76
13962,169.55,2,87
14218,169.48000000000002,1,160
12367,168.9,1,173
14578,168.63,1,240
18269,168.6,1,76
18099,168.31,1,149
15888,168.31,1,76
16282,168.3,1,114
17737,168.24,2,108
15986,168.12,1,268
15374,168.0,1,126
12551,168.0,1,100
16952,167.61,2,92
17367,167.55,1,149
15920,167.5,4,99
16405,167.25,2,187
14295,166.20000000000002,1,84
17650,166.08,1,150
12817,166.04,1,53
18088,166.03,1,107
17561,165.12,1,144
18042,165.04999999999998,1,33
15316,165.0,1,100
13470,165.0,2,100
15904,164.68,1,84
17535,164.4,1,136
13603,164.34,1,164
14552,164.22,1,90
14354,163.62,2,210
17110,163.29999999999998,1,50
17301,163.24,1,137
13223,163.20000000000002,2,88
14485,162.8,1,70
12920,162.78,1,128
16517,162.7,1,96
15733,162.3,1,62
18014,162.22,1,66
15325,161.74,1,231
17600,161.67000000000002,1,144
15458,161.64,1,156
16113,161.38,1,176
14237,161.0,1,38
13229,160.95,1,63
15852,160.71,2,48
12573,160.54000000000002,1,84
18203,160.42000000000002,1,43
18146,160.35000000000002,2,153
14714,160.19,1,229
12966,160.18,1,75
13598,160.04,1,52
13420,159.85,2,101
16213,159.0,1,48
18224,158.95000000000002,1,69
13937,158.85,1,123
15167,158.8,1,65
14089,158.75,1,133
17165,158.68,1,100
15160,158.16,1,84
15348,158.04,1,84
18004,157.92,1,75
17556,157.9,1,101
14799,157.7,1,146
17344,157.62,1,65
14148,157.2,1,16
17128,157.09,1,76
14585,157.05,1,91
17118,157.02,1,154
15007,156.91,1,69
15988,156.78,1,180
14406,156.75,1,77
15438,156.57999999999998,1,59
15263,156.51,1,89
17885,156.34,1,110
13898,155.93,1,133
17871,155.9,1,182
17832,155.37,1,208
12738,155.35,1,148
15447,155.17,1,85
13809,155.05,1,29
14368,155.0,1,36
14046,154.99,1,460
17698,154.95,1,93
15740,154.88,1,152
17026,154.82999999999998,2,97
17899,154.55,1,170
15226,154.41,1,71
16406,154.35,1,116
16921,154.18,1,154
17517,153.94,1,102
16351,153.9,1,90
12602,153.12,1,162
17714,153.0,1,92
16720,152.95,1,180
16248,152.94,1,78
14813,152.88,2,66
17984,152.68,1,98
18138,152.65,1,38
14066,152.55,1,45
17707,152.4,2,144
13514,152.20000000000002,1,40
14039,152.2,1,92
17898,152.06,2,190
16617,151.85,1,91
14208,151.74,1,114
13462,151.5,1,62
14362,151.5,1,96
17286,151.37,1,117
13697,151.29999999999998,1,177
16337,151.05,1,87
14073,151.04,1,130
14204,150.61,1,72
18200,150.35,1,104
15717,150.3,1,70
16932,150.23000000000002,1,82
17234,149.89000000000001,1,55
15869,149.64,2,175
17946,149.57999999999998,2,75
18262,149.48,1,182
15435,149.29,1,54
13003,149.05,3,103
17549,148.86,2,210
15526,148.44,2,24
14968,147.59,1,127
14098,147.35,1,104
14037,147.20000000000002,2,46
12864,147.12,1,216
17030,146.87,1,146
14238,146.85,1,111
16893,145.93,1,62
12565,145.92,1,80
17935,145.79,2,82
13866,145.67000000000002,1,57
15937,145.35,1,73
16598,145.04999999999998,1,73
17524,145.0,1,90
16852,144.91000000000003,2,56
12974,144.8,1,24
15748,144.36,1,50
14109,144.2,1,88
17186,144.0,2,200
12587,144.0,1,51
17578,143.45999999999998,1,138
15705,143.1,1,62
16461,142.92,1,48
13299,142.5,1,30
16287,142.5,1,298
13584,142.4,1,37
14386,142.4,1,54
17859,141.92000000000002,1,102
13561,141.85999999999999,1,83
14041,141.41,1,94
15503,141.04,1,70
15388,140.54,1,88
13483,140.34,1,160
14494,139.56,1,92
17718,139.35,1,83
16483,139.35,1,44
14772,139.26,1,82
18209,139.10000000000002,1,58
15135,139.05,1,43
13273,138.98,1,153
12902,138.68,1,66
14581,138.6,1,217
17122,138.32,1,80
13716,138.28,1,138
15663,138.14,1,106
16050,137.9,1,278
13279,137.75,1,73
17709,137.45,1,17
15836,137.37,1,26
14483,137.1,1,97
17468,137.0,2,116
15691,136.8,1,72
14247,136.76999999999998,1,47
16462,136.0,3,16
16412,135.99,1,63
12968,135.95,1,73
15042,135.93,1,30
14889,135.9,1,90
15419,135.86,1,230
16114,135.75000000000003,1,43
15174,135.75,1,145
16665,135.39999999999998,1,59
17972,135.19,1,36
13364,134.95999999999998,1,71
16055,134.8,1,22
14340,134.7,1,58
15562,134.55,1,39
14174,134.46,1,94
12837,134.1,1,24
14280,134.04,1,52
16424,133.56,1,88
14349,133.5,1,86
12445,133.4,1,62
17881,133.35000000000002,1,32
15709,133.25,1,121
17647,133.06,1,30
12512,132.18,2,96
17785,131.94,1,67
14438,131.9,1,82
12851,131.81,1,106
17455,131.7,1,66
14795,131.45000000000002,1,17
15844,130.73999999999998,1,134
16679,129.75,1,29
16611,129.49,1,47
16623,129.45,1,39
15276,128.63,1,61
16828,128.5,2,59
17297,128.18,1,65
17359,127.86,1,161
15543,127.86,1,86
13781,127.84,1,30
15578,127.1,1,52
15923,127.08,1,122
14962,126.7,1,44
16414,126.25,2,27
15463,126.14,1,106
16988,126.12,1,43
12814,125.92,1,49
13522,125.80000000000001,1,44
14861,125.79,1,117
14890,125.65,1,51
15017,125.58,1,63
12531,125.22,1,45
17148,124.88,1,82
16849,124.57,1,33
16569,124.2,1,93
14495,123.8,2,62
16658,123.24,1,40
15917,123.1,1,42
13519,122.75,1,23
13876,122.7,1,36
13638,122.64,1,93
16073,122.39999999999999,1,48
18018,122.14,2,55
13244,121.74000000000001,1,38
13182,121.18,1,201
15049,121.17000000000002,1,63
14413,121.05,1,67
15512,121.0,2,68
13002,120.94999999999999,1,73
17446,120.9,2,198
14165,120.44,1,53
18015,120.03,1,157
14259,120.0,1,68
14314,120.0,1,296
14453,119.93,1,49
16542,119.62,1,46
15266,119.3,1,18
16666,118.98,1,233
15843,118.95000000000002,1,27
17079,118.80000000000001,1,24
14155,118.75,1,25
14076,118.67,1,79
13581,118.0,1,30
12929,117.85,1,37
17654,117.55,1,41
16959,117.35000000000001,1,49
13877,117.24,1,108
17117,116.19999999999999,1,68
17601,116.00999999999999,1,103
14143,115.8,1,30
15350,115.65,1,51
13067,115.46000000000001,1,32
18027,115.31,1,78
14972,114.77,1,28
13188,114.60000000000001,1,25
14632,114.56,1,96
16247,114.56,1,182
17852,114.34,2,53
17219,114.23,1,89
14652,114.18,1,53
12938,114.14,1,140
14582,114.11,1,73
12651,114.0,1,78
14457,113.64,1,88
15445,113.5,1,58
17217,113.5,1,24
18105,113.48000000000002,1,46
16913,113.44,1,82
15280,113.12,1,154
14689,112.8,1,76
13161,112.75,1,29
16697,112.75,1,27
13807,112.6,1,36
18129,112.55000000000001,1,48
15610,112.46000000000001,1,66
17038,112.4,1,28
14271,112.32,1,88
17967,112.27,1,73
17900,112.19999999999999,2,73
13193,112.08,1,46
12756,112.07999999999998,1,144
17957,111.68,1,287
17887,111.35,1,30
18120,111.15,1,31
13508,110.97,1,24
13144,110.95,1,21
15537,110.92,1,29
15853,110.8,1,135
16963,110.55000000000001,1,35
14641,110.46,1,90
12734,110.39999999999999,1,88
16792,110.38000000000001,2,44
17901,110.38,1,24
18277,110.38,1,68
17746,110.25,1,29
17836,110.21000000000001,1,88
13133,109.8,2,32
16363,109.36000000000001,1,52
14699,109.13000000000001,1,77
14345,108.97999999999999,1,50
13170,108.81,1,141
17639,108.5,1,49
16106,108.38,1,74
13226,108.21000000000001,1,80
12956,108.07,1,34
14661,107.95,1,35
17274,107.82,1,77
16784,107.6,1,24
15395,107.45,1,17
17893,107.21,1,149
16757,106.83000000000001,1,81
15168,106.56,1,52
15070,106.2,1,36
17791,106.1,1,46
16581,105.84,1,134
15775,104.9,1,68
14027,104.82,1,62
15607,104.76,1,202
15958,104.35,1,33
18174,104.0,1,50
17548,103.3,1,58
18255,103.3,1,74
14542,103.25,1,19
18011,102.78999999999999,1,71
14836,102.44999999999999,3,45
17962,102.41,1,127
14981,102.12,1,97
13948,102.0,1,40
15212,101.8,1,36
16516,101.69999999999999,1,58
18068,101.69999999999999,1,6
17643,101.55,1,71
16006,101.4,1,84
18086,101.34,1,106
13101,101.19,1,113
16344,101.10000000000001,1,18
16498,100.97,2,45
14946,100.9,1,22
17427,100.8,1,34
14371,100.5,1,34
13703,99.5,1,10
17939,99.14,1,40
15256,98.45,1,55
17538,98.42,1,134
17349,98.25,1,102
15422,97.7,2,38
12984,97.5,1,26
17325,96.8,1,60
15216,96.6,1,28
14642,96.12,1,76
17024,95.85,3,69
17895,95.45,1,127
18249,95.34,1,128
12548,95.19999999999999,1,49
16387,94.36,1,44
13651,94.2,2,33
16339,94.05,1,21
15397,94.0,1,20
18033,93.82000000000001,1,252
15428,93.78,1,102
18227,93.75,1,21
13283,93.66,2,90
17991,93.35,2,25
12821,92.72,1,70
14054,92.46,1,62
12789,91.85,1,4
13551,91.80000000000001,1,12
13160,91.8,1,56
12659,91.68,1,105
15488,91.32000000000001,1,73
14353,90.6,1,64
13947,90.6,1,44
18084,90.47999999999999,1,312
16506,90.30000000000001,2,42
15552,90.12,1,60
16597,90.04,1,184
14117,90.0,1,72
14974,89.94,1,37
14219,89.94,1,78
14760,89.2,1,40
12686,89.14,1,107
14436,89.06,1,129
12353,89.0,1,20
15083,88.2,1,38
15180,87.5,1,36
13296,87.4,1,78
15541,85.13000000000001,1,49
13841,85.0,1,100
15729,85.0,1,28
13666,84.65,3,41
12401,84.3,1,11
17309,82.75,1,41
13006,81.57,1,55
17620,81.44,1,60
18281,80.82,1,54
16789,80.8,1,32
13967,80.7,1,42
17752,80.64,1,192
13747,79.6,1,8
15753,79.2,1,144
16078,79.2,1,16
17942,77.50000000000001,1,38
14785,77.4,2,84
13132,77.3,1,20
13992,76.8,1,64
14373,76.55,1,17
13106,76.5,1,18
17536,76.5,1,6
15668,76.32000000000001,1,72
18113,76.32000000000001,1,72
16148,76.32000000000001,1,72
14090,76.32000000000001,1,72
17995,76.1,1,133
17628,75.75,1,79
16610,75.66,1,66
13403,75.0,1,44
16468,74.9,1,31
18050,74.4,1,40
13095,74.39999999999999,1,144
17960,73.78,1,41
12506,73.5,1,23
18032,73.5,1,42
16171,73.2,1,24
17906,72.9,1,26
13686,72.0,1,70
13938,71.66,1,70
17747,71.4,1,12
13185,71.4,1,12
17022,71.0,1,108
18037,70.02,6,20
15863,68.84,2,19
14393,67.95,1,13
17382,65.4,1,25
13684,65.13,1,38
13130,64.0,1,32
13302,63.75,1,5
17263,63.440000000000005,1,36
14437,63.0,1,60
12665,63.0,1,37
14840,62.85,1,31
13218,62.63999999999999,1,88
15516,62.43,3,27
13194,60.7,1,26
17174,59.9,1,41
13391,59.8,1,4
13682,59.5,1,10
14957,58.49,1,34
13080,58.08,1,120
17775,56.4,1,72
15899,56.25,1,39
13366,56.160000000000004,1,144
16349,53.5,1,9
15504,52.83,1,33
14865,52.2,2,108
13832,52.199999999999996,1,28
15313,52.0,1,25
14682,52.0,2,80
17844,51.559999999999995,1,52
14351,51.0,1,12
13011,50.550000000000004,1,13
18184,49.8,1,60
14821,48.800000000000004,1,20
15603,48.480000000000004,1,96
16257,46.95,1,2
14080,45.599999999999994,1,48
15423,43.5,1,101
14300,43.2,1,32
15992,41.989999999999995,1,17
15178,40.5,1,30
14589,39.75,1,5
12977,39.239999999999995,1,12
16659,39.12,1,72
18019,38.45,1,7
12855,38.1,1,30
16162,37.4,1,4
17816,36.56,4,30
15940,35.8,1,4
17831,35.400000000000006,1,12
16856,35.400000000000006,1,12
14576,35.400000000000006,1,12
15744,34.8,1,120
16765,34.0,1,4
17408,32.65,1,3
13120,30.599999999999998,1,12
15657,30.0,1,24
18268,25.5,1,2
17102,25.5,1,2
16953,20.8,1,10
17986,20.8,1,10
16093,17.0,1,20
13307,15.0,1,4
15823,15.0,1,1
17763,15.0,1,12
16878,13.3,1,12
17956,12.75,1,1
16454,6.9,2,3
14792,6.2,1,2
16738,3.75,1,3
